Bubble,100,7.43e-07
Bubble,100,7.54e-07
Bubble,100,6.98e-07
Bubble,100,6.95e-07
Bubble,100,6.81e-07
Bubble,100,6.98e-07
Bubble,100,6.82e-07
Bubble,100,6.86e-07
Bubble,100,6.85e-07
Bubble,100,6.91e-07
Bubble,100,6.95e-07
Bubble,100,7.01e-07
Bubble,100,6.94e-07
Bubble,100,7.13e-07
Bubble,100,6.83e-07
Bubble,100,6.83e-07
Bubble,100,6.85e-07
Bubble,100,6.84e-07
Bubble,100,6.84e-07
Bubble,100,6.83e-07
Bubble,100,6.82e-07
Bubble,100,6.82e-07
Bubble,100,6.98e-07
Bubble,100,6.81e-07
Bubble,100,6.8e-07
Bubble,100,6.81e-07
Bubble,100,6.8e-07
Bubble,100,6.82e-07
Bubble,100,6.83e-07
Bubble,100,6.81e-07
Bubble,100,6.82e-07
Bubble,100,6.84e-07
Bubble,100,6.82e-07
Bubble,100,6.86e-07
Bubble,100,6.83e-07
Bubble,100,6.85e-07
Bubble,100,6.8e-07
Bubble,100,6.82e-07
Bubble,100,7.07e-07
Bubble,100,6.82e-07
Bubble,100,6.81e-07
Bubble,100,6.83e-07
Bubble,100,6.81e-07
Bubble,100,6.84e-07
Bubble,100,6.83e-07
Bubble,100,6.82e-07
Bubble,100,6.8e-07
Bubble,100,6.82e-07
Bubble,100,6.8e-07
Bubble,100,6.8e-07
Bubble,200,1.378e-06
Bubble,200,1.353e-06
Bubble,200,1.36e-06
Bubble,200,1.386e-06
Bubble,200,1.35e-06
Bubble,200,1.347e-06
Bubble,200,1.342e-06
Bubble,200,1.345e-06
Bubble,200,1.343e-06
Bubble,200,1.345e-06
Bubble,200,1.356e-06
Bubble,200,1.347e-06
Bubble,200,1.344e-06
Bubble,200,1.344e-06
Bubble,200,1.342e-06
Bubble,200,1.344e-06
Bubble,200,1.342e-06
Bubble,200,1.347e-06
Bubble,200,1.347e-06
Bubble,200,1.348e-06
Bubble,200,1.346e-06
Bubble,200,1.345e-06
Bubble,200,1.345e-06
Bubble,200,1.341e-06
Bubble,200,1.342e-06
Bubble,200,1.342e-06
Bubble,200,1.344e-06
Bubble,200,1.343e-06
Bubble,200,1.347e-06
Bubble,200,1.346e-06
Bubble,200,1.343e-06
Bubble,200,1.342e-06
Bubble,200,1.358e-06
Bubble,200,1.345e-06
Bubble,200,1.343e-06
Bubble,200,1.346e-06
Bubble,200,1.349e-06
Bubble,200,1.35e-06
Bubble,200,1.349e-06
Bubble,200,1.345e-06
Bubble,200,1.345e-06
Bubble,200,1.345e-06
Bubble,200,1.351e-06
Bubble,200,1.344e-06
Bubble,200,1.346e-06
Bubble,200,1.349e-06
Bubble,200,1.355e-06
Bubble,200,1.345e-06
Bubble,200,1.343e-06
Bubble,200,1.344e-06
Bubble,400,2.703e-06
Bubble,400,2.677e-06
Bubble,400,2.672e-06
Bubble,400,2.672e-06
Bubble,400,2.683e-06
Bubble,400,2.679e-06
Bubble,400,2.677e-06
Bubble,400,2.669e-06
Bubble,400,2.668e-06
Bubble,400,2.671e-06
Bubble,400,2.67e-06
Bubble,400,2.674e-06
Bubble,400,2.673e-06
Bubble,400,2.672e-06
Bubble,400,2.665e-06
Bubble,400,2.665e-06
Bubble,400,2.668e-06
Bubble,400,2.675e-06
Bubble,400,2.696e-06
Bubble,400,2.67e-06
Bubble,400,2.668e-06
Bubble,400,2.667e-06
Bubble,400,2.666e-06
Bubble,400,2.669e-06
Bubble,400,2.671e-06
Bubble,400,2.674e-06
Bubble,400,2.669e-06
Bubble,400,2.667e-06
Bubble,400,2.663e-06
Bubble,400,2.668e-06
Bubble,400,2.676e-06
Bubble,400,2.674e-06
Bubble,400,2.669e-06
Bubble,400,2.675e-06
Bubble,400,2.662e-06
Bubble,400,2.669e-06
Bubble,400,2.673e-06
Bubble,400,2.671e-06
Bubble,400,2.674e-06
Bubble,400,2.67e-06
Bubble,400,2.662e-06
Bubble,400,2.665e-06
Bubble,400,2.669e-06
Bubble,400,2.672e-06
Bubble,400,2.676e-06
Bubble,400,2.67e-06
Bubble,400,2.668e-06
Bubble,400,2.673e-06
Bubble,400,2.671e-06
Bubble,400,2.673e-06
Bubble,800,5.492e-06
Bubble,800,5.486e-06
Bubble,800,5.486e-06
Bubble,800,5.481e-06
Bubble,800,5.473e-06
Bubble,800,5.485e-06
Bubble,800,5.477e-06
Bubble,800,5.468e-06
Bubble,800,5.469e-06
Bubble,800,5.48e-06
Bubble,800,5.477e-06
Bubble,800,5.465e-06
Bubble,800,5.469e-06
Bubble,800,5.48e-06
Bubble,800,5.502e-06
Bubble,800,5.466e-06
Bubble,800,5.471e-06
Bubble,800,5.487e-06
Bubble,800,5.485e-06
Bubble,800,5.458e-06
Bubble,800,5.467e-06
Bubble,800,5.479e-06
Bubble,800,5.477e-06
Bubble,800,5.464e-06
Bubble,800,5.465e-06
Bubble,800,5.479e-06
Bubble,800,5.475e-06
Bubble,800,5.462e-06
Bubble,800,5.464e-06
Bubble,800,5.484e-06
Bubble,800,5.476e-06
Bubble,800,5.463e-06
Bubble,800,5.47e-06
Bubble,800,5.601e-06
Bubble,800,5.5e-06
Bubble,800,5.545e-06
Bubble,800,5.482e-06
Bubble,800,5.525e-06
Bubble,800,5.505e-06
Bubble,800,5.501e-06
Bubble,800,5.553e-06
Bubble,800,5.503e-06
Bubble,800,5.501e-06
Bubble,800,5.486e-06
Bubble,800,5.494e-06
Bubble,800,5.532e-06
Bubble,800,5.513e-06
Bubble,800,5.487e-06
Bubble,800,5.49e-06
Bubble,800,5.484e-06
Bubble,1600,1.0763e-05
Bubble,1600,1.0696e-05
Bubble,1600,1.0652e-05
Bubble,1600,1.0626e-05
Bubble,1600,1.0644e-05
Bubble,1600,1.063e-05
Bubble,1600,1.0718e-05
Bubble,1600,1.0671e-05
Bubble,1600,1.0698e-05
Bubble,1600,1.0626e-05
Bubble,1600,1.0624e-05
Bubble,1600,1.0638e-05
Bubble,1600,1.0605e-05
Bubble,1600,1.4274e-05
Bubble,1600,1.0614e-05
Bubble,1600,1.0634e-05
Bubble,1600,1.0725e-05
Bubble,1600,1.0656e-05
Bubble,1600,1.0626e-05
Bubble,1600,1.0627e-05
Bubble,1600,1.0705e-05
Bubble,1600,1.0609e-05
Bubble,1600,1.0629e-05
Bubble,1600,1.0605e-05
Bubble,1600,1.0639e-05
Bubble,1600,1.0617e-05
Bubble,1600,1.0629e-05
Bubble,1600,1.063e-05
Bubble,1600,1.0602e-05
Bubble,1600,1.0644e-05
Bubble,1600,1.061e-05
Bubble,1600,1.0629e-05
Bubble,1600,1.0645e-05
Bubble,1600,1.2253e-05
Bubble,1600,1.223e-05
Bubble,1600,1.1799e-05
Bubble,1600,1.0665e-05
Bubble,1600,1.061e-05
Bubble,1600,1.0637e-05
Bubble,1600,1.0604e-05
Bubble,1600,1.0758e-05
Bubble,1600,1.0615e-05
Bubble,1600,1.0628e-05
Bubble,1600,1.0626e-05
Bubble,1600,1.0604e-05
Bubble,1600,1.064e-05
Bubble,1600,1.0601e-05
Bubble,1600,1.0668e-05
Bubble,1600,1.0613e-05
Bubble,1600,1.1866e-05
Bubble,3200,1.8204e-05
Bubble,3200,1.9536e-05
Bubble,3200,1.9516e-05
Bubble,3200,1.8916e-05
Bubble,3200,1.887e-05
Bubble,3200,1.8884e-05
Bubble,3200,1.8899e-05
Bubble,3200,1.8855e-05
Bubble,3200,1.8899e-05
Bubble,3200,1.7704e-05
Bubble,3200,1.7657e-05
Bubble,3200,1.6507e-05
Bubble,3200,1.8162e-05
Bubble,3200,1.8893e-05
Bubble,3200,1.8307e-05
Bubble,3200,1.7627e-05
Bubble,3200,1.826e-05
Bubble,3200,1.9537e-05
Bubble,3200,1.9505e-05
Bubble,3200,1.9517e-05
Bubble,3200,1.9514e-05
Bubble,3200,1.9511e-05
Bubble,3200,1.9506e-05
Bubble,3200,1.9551e-05
Bubble,3200,2.0424e-05
Bubble,3200,2.0727e-05
Bubble,3200,2.6267e-05
Bubble,3200,2.077e-05
Bubble,3200,2.0757e-05
Bubble,3200,2.0749e-05
Bubble,3200,2.204e-05
Bubble,3200,1.9535e-05
Bubble,3200,1.9526e-05
Bubble,3200,1.9504e-05
Bubble,3200,1.9521e-05
Bubble,3200,1.9532e-05
Bubble,3200,1.9504e-05
Bubble,3200,1.8891e-05
Bubble,3200,1.8294e-05
Bubble,3200,1.8879e-05
Bubble,3200,1.8895e-05
Bubble,3200,1.8912e-05
Bubble,3200,1.8256e-05
Bubble,3200,1.889e-05
Bubble,3200,1.8924e-05
Bubble,3200,1.888e-05
Bubble,3200,1.8899e-05
Bubble,3200,1.8326e-05
Bubble,3200,1.825e-05
Bubble,3200,1.8273e-05
Bubble,6400,3.5288e-05
Bubble,6400,3.9028e-05
Bubble,6400,3.5259e-05
Bubble,6400,3.6282e-05
Bubble,6400,3.6528e-05
Bubble,6400,3.6497e-05
Bubble,6400,3.651e-05
Bubble,6400,4.3471e-05
Bubble,6400,3.65e-05
Bubble,6400,3.5209e-05
Bubble,6400,3.5322e-05
Bubble,6400,3.3988e-05
Bubble,6400,3.5243e-05
Bubble,6400,3.5251e-05
Bubble,6400,3.5226e-05
Bubble,6400,3.7819e-05
Bubble,6400,3.5291e-05
Bubble,6400,3.5294e-05
Bubble,6400,3.5053e-05
Bubble,6400,3.525e-05
Bubble,6400,3.6502e-05
Bubble,6400,3.6505e-05
Bubble,6400,3.6486e-05
Bubble,6400,3.6494e-05
Bubble,6400,3.524e-05
Bubble,6400,3.5279e-05
Bubble,6400,3.5235e-05
Bubble,6400,3.5223e-05
Bubble,6400,3.5428e-05
Bubble,6400,3.6524e-05
Bubble,6400,3.6485e-05
Bubble,6400,3.5568e-05
Bubble,6400,3.5265e-05
Bubble,6400,3.7769e-05
Bubble,6400,3.8422e-05
Bubble,6400,3.6508e-05
Bubble,6400,3.65e-05
Bubble,6400,3.6495e-05
Bubble,6400,3.6518e-05
Bubble,6400,3.6518e-05
Bubble,6400,3.6524e-05
Bubble,6400,3.6494e-05
Bubble,6400,3.6496e-05
Bubble,6400,3.648e-05
Bubble,6400,3.6508e-05
Bubble,6400,3.7385e-05
Bubble,6400,3.8e-05
Bubble,6400,3.6702e-05
Bubble,6400,3.67e-05
Bubble,6400,3.6775e-05
Bubble,12800,8.3724e-05
Bubble,12800,8.1934e-05
Bubble,12800,7.7967e-05
Bubble,12800,7.9918e-05
Bubble,12800,8.2884e-05
Bubble,12800,8.0217e-05
Bubble,12800,8.0214e-05
Bubble,12800,8.0203e-05
Bubble,12800,8.0222e-05
Bubble,12800,8.0198e-05
Bubble,12800,8.0194e-05
Bubble,12800,7.754e-05
Bubble,12800,8.0812e-05
Bubble,12800,7.4893e-05
Bubble,12800,7.2298e-05
Bubble,12800,7.2954e-05
Bubble,12800,7.6013e-05
Bubble,12800,7.754e-05
Bubble,12800,7.6481e-05
Bubble,12800,7.4945e-05
Bubble,12800,7.4807e-05
Bubble,12800,7.4912e-05
Bubble,12800,7.7525e-05
Bubble,12800,7.7531e-05
Bubble,12800,7.7552e-05
Bubble,12800,8.0195e-05
Bubble,12800,7.6089e-05
Bubble,12800,7.299e-05
Bubble,12800,7.5461e-05
Bubble,12800,7.5442e-05
Bubble,12800,7.2951e-05
Bubble,12800,7.0447e-05
Bubble,12800,7.6349e-05
Bubble,12800,7.4853e-05
Bubble,12800,7.5253e-05
Bubble,12800,7.331e-05
Bubble,12800,7.5964e-05
Bubble,12800,7.6081e-05
Bubble,12800,7.9054e-05
Bubble,12800,7.7606e-05
Bubble,12800,7.5077e-05
Bubble,12800,7.5967e-05
Bubble,12800,7.5988e-05
Bubble,12800,7.5976e-05
Bubble,12800,7.3174e-05
Bubble,12800,7.5959e-05
Bubble,12800,7.0803e-05
Bubble,12800,7.3314e-05
Bubble,12800,8.1212e-05
Bubble,12800,7.4706e-05
Insertion,100,6.66e-07
Insertion,100,7.1e-07
Insertion,100,6.75e-07
Insertion,100,6.84e-07
Insertion,100,6.5e-07
Insertion,100,6.9e-07
Insertion,100,6.36e-07
Insertion,100,6.31e-07
Insertion,100,6.47e-07
Insertion,100,6.39e-07
Insertion,100,6.17e-07
Insertion,100,6.32e-07
Insertion,100,6.31e-07
Insertion,100,6.1e-07
Insertion,100,6.74e-07
Insertion,100,6.35e-07
Insertion,100,6.64e-07
Insertion,100,6.2e-07
Insertion,100,6.34e-07
Insertion,100,6.12e-07
Insertion,100,6.44e-07
Insertion,100,6.25e-07
Insertion,100,6.15e-07
Insertion,100,6.58e-07
Insertion,100,6.67e-07
Insertion,100,5.99e-07
Insertion,100,6.53e-07
Insertion,100,6.12e-07
Insertion,100,6.28e-07
Insertion,100,6.37e-07
Insertion,100,6.82e-07
Insertion,100,7.42e-07
Insertion,100,6.21e-07
Insertion,100,6.62e-07
Insertion,100,6.24e-07
Insertion,100,6.44e-07
Insertion,100,6.96e-07
Insertion,100,6.66e-07
Insertion,100,6.71e-07
Insertion,100,6.14e-07
Insertion,100,6.76e-07
Insertion,100,6.32e-07
Insertion,100,6.62e-07
Insertion,100,6.23e-07
Insertion,100,6.7e-07
Insertion,100,6.43e-07
Insertion,100,6.24e-07
Insertion,100,6.31e-07
Insertion,100,6.35e-07
Insertion,100,6.41e-07
Insertion,200,1.393e-06
Insertion,200,1.426e-06
Insertion,200,1.338e-06
Insertion,200,1.254e-06
Insertion,200,1.21e-06
Insertion,200,1.276e-06
Insertion,200,1.279e-06
Insertion,200,1.324e-06
Insertion,200,1.309e-06
Insertion,200,1.216e-06
Insertion,200,1.209e-06
Insertion,200,1.183e-06
Insertion,200,1.242e-06
Insertion,200,1.192e-06
Insertion,200,1.232e-06
Insertion,200,1.191e-06
Insertion,200,1.198e-06
Insertion,200,1.193e-06
Insertion,200,1.195e-06
Insertion,200,1.184e-06
Insertion,200,1.184e-06
Insertion,200,1.197e-06
Insertion,200,1.155e-06
Insertion,200,1.195e-06
Insertion,200,1.203e-06
Insertion,200,1.194e-06
Insertion,200,1.209e-06
Insertion,200,1.221e-06
Insertion,200,1.19e-06
Insertion,200,1.192e-06
Insertion,200,1.196e-06
Insertion,200,1.253e-06
Insertion,200,1.215e-06
Insertion,200,1.188e-06
Insertion,200,1.226e-06
Insertion,200,1.203e-06
Insertion,200,1.17e-06
Insertion,200,1.189e-06
Insertion,200,1.165e-06
Insertion,200,1.45e-06
Insertion,200,1.274e-06
Insertion,200,1.233e-06
Insertion,200,1.17e-06
Insertion,200,1.18e-06
Insertion,200,1.18e-06
Insertion,200,1.186e-06
Insertion,200,1.196e-06
Insertion,200,1.17e-06
Insertion,200,1.179e-06
Insertion,200,1.182e-06
Insertion,400,2.489e-06
Insertion,400,2.38e-06
Insertion,400,2.465e-06
Insertion,400,2.329e-06
Insertion,400,2.312e-06
Insertion,400,2.311e-06
Insertion,400,2.311e-06
Insertion,400,2.302e-06
Insertion,400,2.381e-06
Insertion,400,2.415e-06
Insertion,400,2.319e-06
Insertion,400,2.302e-06
Insertion,400,2.382e-06
Insertion,400,2.412e-06
Insertion,400,2.305e-06
Insertion,400,2.344e-06
Insertion,400,2.404e-06
Insertion,400,2.387e-06
Insertion,400,2.297e-06
Insertion,400,2.296e-06
Insertion,400,2.294e-06
Insertion,400,2.317e-06
Insertion,400,2.325e-06
Insertion,400,2.351e-06
Insertion,400,2.342e-06
Insertion,400,2.359e-06
Insertion,400,2.33e-06
Insertion,400,2.359e-06
Insertion,400,2.283e-06
Insertion,400,2.347e-06
Insertion,400,2.296e-06
Insertion,400,2.306e-06
Insertion,400,2.333e-06
Insertion,400,2.379e-06
Insertion,400,2.318e-06
Insertion,400,2.352e-06
Insertion,400,5.626e-06
Insertion,400,2.388e-06
Insertion,400,2.321e-06
Insertion,400,2.289e-06
Insertion,400,2.293e-06
Insertion,400,2.309e-06
Insertion,400,2.311e-06
Insertion,400,2.332e-06
Insertion,400,2.397e-06
Insertion,400,2.309e-06
Insertion,400,2.299e-06
Insertion,400,2.318e-06
Insertion,400,2.899e-06
Insertion,400,2.355e-06
Insertion,800,4.729e-06
Insertion,800,5.04e-06
Insertion,800,4.903e-06
Insertion,800,5.059e-06
Insertion,800,4.738e-06
Insertion,800,4.633e-06
Insertion,800,4.597e-06
Insertion,800,4.96e-06
Insertion,800,4.611e-06
Insertion,800,4.611e-06
Insertion,800,4.693e-06
Insertion,800,4.629e-06
Insertion,800,5.77e-06
Insertion,800,4.923e-06
Insertion,800,4.728e-06
Insertion,800,4.652e-06
Insertion,800,4.669e-06
Insertion,800,4.557e-06
Insertion,800,4.615e-06
Insertion,800,4.738e-06
Insertion,800,4.589e-06
Insertion,800,4.641e-06
Insertion,800,4.603e-06
Insertion,800,4.659e-06
Insertion,800,4.516e-06
Insertion,800,4.748e-06
Insertion,800,4.732e-06
Insertion,800,4.555e-06
Insertion,800,4.553e-06
Insertion,800,4.56e-06
Insertion,800,4.627e-06
Insertion,800,4.601e-06
Insertion,800,4.573e-06
Insertion,800,4.584e-06
Insertion,800,4.595e-06
Insertion,800,4.606e-06
Insertion,800,4.524e-06
Insertion,800,4.599e-06
Insertion,800,4.571e-06
Insertion,800,4.657e-06
Insertion,800,4.573e-06
Insertion,800,4.63e-06
Insertion,800,4.629e-06
Insertion,800,4.638e-06
Insertion,800,4.573e-06
Insertion,800,4.571e-06
Insertion,800,4.723e-06
Insertion,800,4.63e-06
Insertion,800,4.497e-06
Insertion,800,4.641e-06
Insertion,1600,9.168e-06
Insertion,1600,9.761e-06
Insertion,1600,9.415e-06
Insertion,1600,9.723e-06
Insertion,1600,9.048e-06
Insertion,1600,9.135e-06
Insertion,1600,9.2e-06
Insertion,1600,9.179e-06
Insertion,1600,9.125e-06
Insertion,1600,9.054e-06
Insertion,1600,9.441e-06
Insertion,1600,9.14e-06
Insertion,1600,9.169e-06
Insertion,1600,9.188e-06
Insertion,1600,1.2524e-05
Insertion,1600,9.275e-06
Insertion,1600,9.008e-06
Insertion,1600,9.2e-06
Insertion,1600,9.005e-06
Insertion,1600,9.018e-06
Insertion,1600,8.967e-06
Insertion,1600,9.097e-06
Insertion,1600,9.261e-06
Insertion,1600,8.985e-06
Insertion,1600,9.086e-06
Insertion,1600,9.197e-06
Insertion,1600,9.398e-06
Insertion,1600,9.187e-06
Insertion,1600,9.102e-06
Insertion,1600,9.444e-06
Insertion,1600,9.472e-06
Insertion,1600,1.0651e-05
Insertion,1600,9.181e-06
Insertion,1600,9.435e-06
Insertion,1600,9.049e-06
Insertion,1600,9.163e-06
Insertion,1600,9.187e-06
Insertion,1600,9.214e-06
Insertion,1600,9.132e-06
Insertion,1600,9.065e-06
Insertion,1600,9.418e-06
Insertion,1600,9.327e-06
Insertion,1600,9.193e-06
Insertion,1600,9.407e-06
Insertion,1600,9.146e-06
Insertion,1600,9.073e-06
Insertion,1600,9.075e-06
Insertion,1600,9.144e-06
Insertion,1600,9.028e-06
Insertion,1600,9.172e-06
Insertion,3200,2.2998e-05
Insertion,3200,2.0092e-05
Insertion,3200,1.9419e-05
Insertion,3200,1.9387e-05
Insertion,3200,1.876e-05
Insertion,3200,1.9759e-05
Insertion,3200,2.1269e-05
Insertion,3200,2.0112e-05
Insertion,3200,1.8483e-05
Insertion,3200,1.823e-05
Insertion,3200,2.0198e-05
Insertion,3200,1.7674e-05
Insertion,3200,1.897e-05
Insertion,3200,1.7722e-05
Insertion,3200,1.8713e-05
Insertion,3200,2.048e-05
Insertion,3200,2.2703e-05
Insertion,3200,1.7803e-05
Insertion,3200,1.757e-05
Insertion,3200,1.7887e-05
Insertion,3200,1.8077e-05
Insertion,3200,1.779e-05
Insertion,3200,1.7738e-05
Insertion,3200,1.7768e-05
Insertion,3200,1.7755e-05
Insertion,3200,1.771e-05
Insertion,3200,1.7777e-05
Insertion,3200,1.7886e-05
Insertion,3200,1.7921e-05
Insertion,3200,1.7575e-05
Insertion,3200,1.7607e-05
Insertion,3200,1.7898e-05
Insertion,3200,1.777e-05
Insertion,3200,1.7905e-05
Insertion,3200,1.8401e-05
Insertion,3200,1.8444e-05
Insertion,3200,1.8475e-05
Insertion,3200,1.8413e-05
Insertion,3200,1.7935e-05
Insertion,3200,1.8021e-05
Insertion,3200,1.8495e-05
Insertion,3200,1.8331e-05
Insertion,3200,1.839e-05
Insertion,3200,1.7741e-05
Insertion,3200,1.7661e-05
Insertion,3200,1.7784e-05
Insertion,3200,1.7514e-05
Insertion,3200,2.1954e-05
Insertion,3200,1.7574e-05
Insertion,3200,1.7498e-05
Insertion,6400,4.1936e-05
Insertion,6400,4.0591e-05
Insertion,6400,3.8001e-05
Insertion,6400,4.4985e-05
Insertion,6400,3.6047e-05
Insertion,6400,3.584e-05
Insertion,6400,3.5651e-05
Insertion,6400,3.507e-05
Insertion,6400,4.4877e-05
Insertion,6400,3.573e-05
Insertion,6400,3.534e-05
Insertion,6400,3.5412e-05
Insertion,6400,3.5553e-05
Insertion,6400,3.5365e-05
Insertion,6400,3.6029e-05
Insertion,6400,3.7474e-05
Insertion,6400,4.0126e-05
Insertion,6400,3.7769e-05
Insertion,6400,3.9904e-05
Insertion,6400,4.573e-05
Insertion,6400,3.5889e-05
Insertion,6400,3.5627e-05
Insertion,6400,3.5934e-05
Insertion,6400,3.5804e-05
Insertion,6400,3.5788e-05
Insertion,6400,3.5986e-05
Insertion,6400,3.6315e-05
Insertion,6400,4.0102e-05
Insertion,6400,4.2896e-05
Insertion,6400,3.624e-05
Insertion,6400,3.6676e-05
Insertion,6400,3.5884e-05
Insertion,6400,3.7467e-05
Insertion,6400,3.6243e-05
Insertion,6400,3.6174e-05
Insertion,6400,3.6814e-05
Insertion,6400,3.6108e-05
Insertion,6400,3.6114e-05
Insertion,6400,3.6027e-05
Insertion,6400,3.645e-05
Insertion,6400,3.5778e-05
Insertion,6400,3.5781e-05
Insertion,6400,3.6128e-05
Insertion,6400,3.7212e-05
Insertion,6400,4.7281e-05
Insertion,6400,3.748e-05
Insertion,6400,3.5899e-05
Insertion,6400,3.6122e-05
Insertion,6400,3.5539e-05
Insertion,6400,3.5973e-05
Insertion,12800,7.8017e-05
Insertion,12800,7.7362e-05
Insertion,12800,7.5405e-05
Insertion,12800,9.228e-05
Insertion,12800,7.7758e-05
Insertion,12800,8.555e-05
Insertion,12800,8.2889e-05
Insertion,12800,8.327e-05
Insertion,12800,8.2908e-05
Insertion,12800,8.2871e-05
Insertion,12800,7.7915e-05
Insertion,12800,8.3257e-05
Insertion,12800,7.8888e-05
Insertion,12800,7.2699e-05
Insertion,12800,7.3195e-05
Insertion,12800,8.7733e-05
Insertion,12800,8.2858e-05
Insertion,12800,7.273e-05
Insertion,12800,7.2196e-05
Insertion,12800,7.2484e-05
Insertion,12800,7.3486e-05
Insertion,12800,7.1422e-05
Insertion,12800,7.2723e-05
Insertion,12800,7.2372e-05
Insertion,12800,7.4482e-05
Insertion,12800,7.2595e-05
Insertion,12800,7.1473e-05
Insertion,12800,7.2265e-05
Insertion,12800,7.9866e-05
Insertion,12800,7.3406e-05
Insertion,12800,7.3913e-05
Insertion,12800,7.1453e-05
Insertion,12800,7.659e-05
Insertion,12800,7.2753e-05
Insertion,12800,7.1804e-05
Insertion,12800,7.2146e-05
Insertion,12800,8.3977e-05
Insertion,12800,7.3737e-05
Insertion,12800,7.157e-05
Insertion,12800,7.194e-05
Insertion,12800,7.5553e-05
Insertion,12800,8.4743e-05
Insertion,12800,8.5521e-05
Insertion,12800,8.2879e-05
Insertion,12800,7.2413e-05
Insertion,12800,7.2613e-05
Insertion,12800,7.1684e-05
Insertion,12800,7.312e-05
Insertion,12800,7.2056e-05
Insertion,12800,7.2476e-05
Selection,100,3.0899e-05
Selection,100,3.4287e-05
Selection,100,3.2271e-05
Selection,100,3.8951e-05
Selection,100,3.9987e-05
Selection,100,3.703e-05
Selection,100,3.8671e-05
Selection,100,3.7136e-05
Selection,100,3.9389e-05
Selection,100,3.5208e-05
Selection,100,3.423e-05
Selection,100,3.5349e-05
Selection,100,3.9133e-05
Selection,100,3.3356e-05
Selection,100,3.3005e-05
Selection,100,4.0799e-05
Selection,100,3.3183e-05
Selection,100,3.5342e-05
Selection,100,3.3201e-05
Selection,100,3.3197e-05
Selection,100,3.6113e-05
Selection,100,3.3821e-05
Selection,100,3.3522e-05
Selection,100,3.4101e-05
Selection,100,3.3674e-05
Selection,100,3.2637e-05
Selection,100,3.1242e-05
Selection,100,3.1174e-05
Selection,100,3.1171e-05
Selection,100,4.3194e-05
Selection,100,4.3771e-05
Selection,100,4.3311e-05
Selection,100,4.5089e-05
Selection,100,4.2781e-05
Selection,100,4.7026e-05
Selection,100,3.7094e-05
Selection,100,3.3826e-05
Selection,100,3.1626e-05
Selection,100,3.7481e-05
Selection,100,4.3477e-05
Selection,100,4.4416e-05
Selection,100,4.5665e-05
Selection,100,3.8109e-05
Selection,100,3.7623e-05
Selection,100,4.1311e-05
Selection,100,4.0948e-05
Selection,100,4.3452e-05
Selection,100,4.475e-05
Selection,100,3.8195e-05
Selection,100,3.1146e-05
Selection,200,0.00013662
Selection,200,0.000122918
Selection,200,0.000127334
Selection,200,0.00014372
Selection,200,0.000127561
Selection,200,0.000122823
Selection,200,0.000126969
Selection,200,0.000126934
Selection,200,0.00012682
Selection,200,0.000125008
Selection,200,0.000132382
Selection,200,0.000131579
Selection,200,0.00012955
Selection,200,0.000113541
Selection,200,0.000122259
Selection,200,0.000135093
Selection,200,0.000126807
Selection,200,0.000128914
Selection,200,0.000126905
Selection,200,0.000129157
Selection,200,0.000126881
Selection,200,0.000122981
Selection,200,0.000133395
Selection,200,0.000119172
Selection,200,0.000134624
Selection,200,0.00012785
Selection,200,0.000114688
Selection,200,0.00013015
Selection,200,0.000120601
Selection,200,0.000126672
Selection,200,0.000122457
Selection,200,0.000130048
Selection,200,0.000129736
Selection,200,0.000131473
Selection,200,0.000126655
Selection,200,0.000118562
Selection,200,0.000126355
Selection,200,0.00012382
Selection,200,0.000116109
Selection,200,0.000126016
Selection,200,0.000126422
Selection,200,0.000135431
Selection,200,0.000128192
Selection,200,0.000132992
Selection,200,0.000132767
Selection,200,0.000129029
Selection,200,0.000121138
Selection,200,0.000124077
Selection,200,0.000128154
Selection,200,0.000131375
Selection,400,0.000534928
Selection,400,0.0004882
Selection,400,0.00051414
Selection,400,0.000495753
Selection,400,0.000518849
Selection,400,0.000507465
Selection,400,0.0004918
Selection,400,0.000482293
Selection,400,0.000484046
Selection,400,0.000488359
Selection,400,0.000473276
Selection,400,0.00053356
Selection,400,0.000478688
Selection,400,0.000513265
Selection,400,0.000508059
Selection,400,0.00051033
Selection,400,0.000457017
Selection,400,0.000496856
Selection,400,0.00047999
Selection,400,0.000520132
Selection,400,0.000497052
Selection,400,0.000498386
Selection,400,0.000500261
Selection,400,0.000502469
Selection,400,0.000484672
Selection,400,0.000487095
Selection,400,0.000508685
Selection,400,0.000502505
Selection,400,0.000534672
Selection,400,0.000493526
Selection,400,0.000507814
Selection,400,0.00051117
Selection,400,0.000500834
Selection,400,0.000532887
Selection,400,0.000501988
Selection,400,0.000507166
Selection,400,0.000489606
Selection,400,0.000476644
Selection,400,0.000464953
Selection,400,0.000505147
Selection,400,0.000503163
Selection,400,0.000509605
Selection,400,0.000489083
Selection,400,0.000493228
Selection,400,0.000478586
Selection,400,0.000493864
Selection,400,0.000515883
Selection,400,0.00049183
Selection,400,0.000498892
Selection,400,0.000495092
Selection,800,0.00200519
Selection,800,0.00199962
Selection,800,0.00204907
Selection,800,0.00202903
Selection,800,0.00203544
Selection,800,0.00198579
Selection,800,0.00198808
Selection,800,0.00200965
Selection,800,0.00195617
Selection,800,0.00200913
Selection,800,0.00199408
Selection,800,0.00194458
Selection,800,0.00199794
Selection,800,0.00200668
Selection,800,0.00201938
Selection,800,0.00201065
Selection,800,0.00202114
Selection,800,0.0020197
Selection,800,0.00194307
Selection,800,0.00198007
Selection,800,0.00205882
Selection,800,0.00199229
Selection,800,0.00194794
Selection,800,0.00198102
Selection,800,0.00198489
Selection,800,0.00194566
Selection,800,0.00205243
Selection,800,0.00200258
Selection,800,0.00201311
Selection,800,0.00197317
Selection,800,0.00209998
Selection,800,0.00199543
Selection,800,0.00199802
Selection,800,0.00197848
Selection,800,0.00201098
Selection,800,0.00200201
Selection,800,0.00199719
Selection,800,0.00198447
Selection,800,0.00195914
Selection,800,0.00200121
Selection,800,0.00201441
Selection,800,0.00204232
Selection,800,0.00204454
Selection,800,0.0020666
Selection,800,0.00209405
Selection,800,0.00208121
Selection,800,0.00198688
Selection,800,0.00200106
Selection,800,0.00201285
Selection,800,0.00198704
Selection,1600,0.00785282
Selection,1600,0.00796419
Selection,1600,0.00790246
Selection,1600,0.00809057
Selection,1600,0.00800005
Selection,1600,0.00812369
Selection,1600,0.00807545
Selection,1600,0.00794688
Selection,1600,0.00795414
Selection,1600,0.00776548
Selection,1600,0.00793972
Selection,1600,0.00784813
Selection,1600,0.00797974
Selection,1600,0.00792346
Selection,1600,0.0078868
Selection,1600,0.00799645
Selection,1600,0.00804717
Selection,1600,0.0082047
Selection,1600,0.00808755
Selection,1600,0.00803792
Selection,1600,0.00792148
Selection,1600,0.00791467
Selection,1600,0.00789222
Selection,1600,0.00789968
Selection,1600,0.00799994
Selection,1600,0.00786846
Selection,1600,0.00772664
Selection,1600,0.00796101
Selection,1600,0.00782993
Selection,1600,0.00784652
Selection,1600,0.0078639
Selection,1600,0.00790881
Selection,1600,0.00785393
Selection,1600,0.0078603
Selection,1600,0.00805754
Selection,1600,0.00786881
Selection,1600,0.00802333
Selection,1600,0.00784241
Selection,1600,0.00780599
Selection,1600,0.00785093
Selection,1600,0.00784526
Selection,1600,0.00787826
Selection,1600,0.00795669
Selection,1600,0.0079268
Selection,1600,0.00798478
Selection,1600,0.00787885
Selection,1600,0.00802527
Selection,1600,0.00788157
Selection,1600,0.00792883
Selection,1600,0.00790552
Selection,3200,0.0311875
Selection,3200,0.031578
Selection,3200,0.0312391
Selection,3200,0.0312508
Selection,3200,0.0309468
Selection,3200,0.0316306
Selection,3200,0.0311392
Selection,3200,0.0309413
Selection,3200,0.0310849
Selection,3200,0.031452
Selection,3200,0.0312184
Selection,3200,0.0314919
Selection,3200,0.0324085
Selection,3200,0.0321083
Selection,3200,0.0317338
Selection,3200,0.0313206
Selection,3200,0.0314711
Selection,3200,0.0315937
Selection,3200,0.0322414
Selection,3200,0.0316722
Selection,3200,0.0319203
Selection,3200,0.0318763
Selection,3200,0.0318229
Selection,3200,0.031786
Selection,3200,0.0318664
Selection,3200,0.0318971
Selection,3200,0.0321471
Selection,3200,0.0323076
Selection,3200,0.0315872
Selection,3200,0.0315956
Selection,3200,0.0319515
Selection,3200,0.031501
Selection,3200,0.0317838
Selection,3200,0.0316588
Selection,3200,0.031294
Selection,3200,0.031372
Selection,3200,0.0317672
Selection,3200,0.0314131
Selection,3200,0.0314007
Selection,3200,0.0313939
Selection,3200,0.0310775
Selection,3200,0.0315702
Selection,3200,0.03113
Selection,3200,0.0315273
Selection,3200,0.031457
Selection,3200,0.0311786
Selection,3200,0.0312902
Selection,3200,0.0313521
Selection,3200,0.0318381
Selection,3200,0.0315138
Selection,6400,0.127086
Selection,6400,0.126059
Selection,6400,0.12683
Selection,6400,0.126504
Selection,6400,0.125852
Selection,6400,0.124505
Selection,6400,0.124453
Selection,6400,0.124212
Selection,6400,0.125575
Selection,6400,0.127145
Selection,6400,0.127043
Selection,6400,0.127051
Selection,6400,0.126566
Selection,6400,0.125462
Selection,6400,0.127178
Selection,6400,0.126331
Selection,6400,0.126718
Selection,6400,0.127457
Selection,6400,0.127282
Selection,6400,0.126613
Selection,6400,0.12596
Selection,6400,0.124242
Selection,6400,0.125165
Selection,6400,0.124929
Selection,6400,0.126467
Selection,6400,0.127271
Selection,6400,0.125248
Selection,6400,0.124348
Selection,6400,0.124902
Selection,6400,0.124788
Selection,6400,0.125568
Selection,6400,0.125969
Selection,6400,0.126044
Selection,6400,0.126967
Selection,6400,0.127178
Selection,6400,0.126344
Selection,6400,0.125462
Selection,6400,0.12564
Selection,6400,0.126617
Selection,6400,0.126243
Selection,6400,0.126249
Selection,6400,0.126384
Selection,6400,0.126163
Selection,6400,0.126772
Selection,6400,0.125635
Selection,6400,0.125274
Selection,6400,0.123426
Selection,6400,0.124904
Selection,6400,0.125275
Selection,6400,0.126643
Selection,12800,0.503661
Selection,12800,0.49927
Selection,12800,0.502618
Selection,12800,0.502577
Selection,12800,0.497004
Selection,12800,0.502103
Selection,12800,0.50121
Selection,12800,0.503177
Selection,12800,0.501983
Selection,12800,0.501572
Selection,12800,0.501402
Selection,12800,0.502216
Selection,12800,0.504706
Selection,12800,0.500847
Selection,12800,0.499598
Selection,12800,0.498417
Selection,12800,0.504258
Selection,12800,0.494592
Selection,12800,0.498821
Selection,12800,0.498309
Selection,12800,0.500222
Selection,12800,0.496808
Selection,12800,0.501419
Selection,12800,0.497346
Selection,12800,0.499304
Selection,12800,0.500169
Selection,12800,0.500419
Selection,12800,0.500055
Selection,12800,0.497598
Selection,12800,0.494016
Selection,12800,0.500275
Selection,12800,0.495575
Selection,12800,0.500046
Selection,12800,0.505368
Selection,12800,0.502317
Selection,12800,0.502533
Selection,12800,0.501226
Selection,12800,0.503785
Selection,12800,0.50271
Selection,12800,0.502224
Selection,12800,0.498193
Selection,12800,0.501601
Selection,12800,0.500864
Selection,12800,0.502928
Selection,12800,0.499899
Selection,12800,0.499693
Selection,12800,0.500481
Selection,12800,0.502418
Selection,12800,0.499762
Selection,12800,0.494181
Quick,100,8.91e-06
Quick,100,8.78e-06
Quick,100,8.539e-06
Quick,100,8.481e-06
Quick,100,8.546e-06
Quick,100,8.571e-06
Quick,100,8.619e-06
Quick,100,8.959e-06
Quick,100,8.51e-06
Quick,100,8.598e-06
Quick,100,8.924e-06
Quick,100,8.569e-06
Quick,100,8.602e-06
Quick,100,8.829e-06
Quick,100,8.614e-06
Quick,100,8.601e-06
Quick,100,8.531e-06
Quick,100,8.628e-06
Quick,100,8.732e-06
Quick,100,8.552e-06
Quick,100,8.553e-06
Quick,100,8.944e-06
Quick,100,8.59e-06
Quick,100,8.465e-06
Quick,100,8.662e-06
Quick,100,8.628e-06
Quick,100,8.498e-06
Quick,100,9.003e-06
Quick,100,8.585e-06
Quick,100,8.685e-06
Quick,100,8.578e-06
Quick,100,8.636e-06
Quick,100,8.572e-06
Quick,100,8.627e-06
Quick,100,1.2598e-05
Quick,100,8.558e-06
Quick,100,8.65e-06
Quick,100,8.674e-06
Quick,100,8.894e-06
Quick,100,8.882e-06
Quick,100,8.539e-06
Quick,100,8.617e-06
Quick,100,9.923e-06
Quick,100,8.144e-06
Quick,100,8.108e-06
Quick,100,8.172e-06
Quick,100,8.207e-06
Quick,100,8.371e-06
Quick,100,8.065e-06
Quick,100,8.125e-06
Quick,200,2.9201e-05
Quick,200,2.7617e-05
Quick,200,2.6668e-05
Quick,200,2.6498e-05
Quick,200,2.6517e-05
Quick,200,2.656e-05
Quick,200,2.6429e-05
Quick,200,2.6579e-05
Quick,200,2.6419e-05
Quick,200,2.66e-05
Quick,200,2.7233e-05
Quick,200,2.6639e-05
Quick,200,2.6713e-05
Quick,200,2.6624e-05
Quick,200,2.6597e-05
Quick,200,2.6567e-05
Quick,200,2.6808e-05
Quick,200,2.6684e-05
Quick,200,2.6682e-05
Quick,200,2.7468e-05
Quick,200,2.6407e-05
Quick,200,2.6538e-05
Quick,200,2.6543e-05
Quick,200,2.7542e-05
Quick,200,2.6682e-05
Quick,200,2.6545e-05
Quick,200,2.6667e-05
Quick,200,2.826e-05
Quick,200,3.0424e-05
Quick,200,2.8011e-05
Quick,200,2.9206e-05
Quick,200,2.8368e-05
Quick,200,2.6603e-05
Quick,200,2.6443e-05
Quick,200,2.6736e-05
Quick,200,2.6682e-05
Quick,200,2.6798e-05
Quick,200,2.7193e-05
Quick,200,2.683e-05
Quick,200,2.771e-05
Quick,200,2.664e-05
Quick,200,2.6443e-05
Quick,200,2.6653e-05
Quick,200,2.656e-05
Quick,200,2.6667e-05
Quick,200,2.6663e-05
Quick,200,2.6657e-05
Quick,200,2.6723e-05
Quick,200,2.6457e-05
Quick,200,2.6685e-05
Quick,400,9.7443e-05
Quick,400,9.828e-05
Quick,400,9.6162e-05
Quick,400,0.000103058
Quick,400,9.8447e-05
Quick,400,0.000104459
Quick,400,0.000101101
Quick,400,0.000100697
Quick,400,0.000101909
Quick,400,0.000101306
Quick,400,0.000104179
Quick,400,0.000101586
Quick,400,0.000107143
Quick,400,0.000101263
Quick,400,0.000101129
Quick,400,0.000102456
Quick,400,0.000101131
Quick,400,0.000100677
Quick,400,0.000101311
Quick,400,0.000100841
Quick,400,0.000102115
Quick,400,0.000104109
Quick,400,0.000106743
Quick,400,0.000101888
Quick,400,0.000101906
Quick,400,0.000100958
Quick,400,0.000100947
Quick,400,0.000100856
Quick,400,0.000100811
Quick,400,0.00010115
Quick,400,0.000101424
Quick,400,0.0001044
Quick,400,0.000103299
Quick,400,0.000101385
Quick,400,0.000103682
Quick,400,0.000101311
Quick,400,0.00010137
Quick,400,0.000100925
Quick,400,0.00010361
Quick,400,0.000100737
Quick,400,0.000104528
Quick,400,0.000106266
Quick,400,0.000101586
Quick,400,0.00010102
Quick,400,0.000102225
Quick,400,0.000100635
Quick,400,0.000101559
Quick,400,0.000101648
Quick,400,0.00010162
Quick,400,0.000100543
Quick,800,0.000383436
Quick,800,0.000382473
Quick,800,0.000386101
Quick,800,0.000565896
Quick,800,0.000385541
Quick,800,0.000382045
Quick,800,0.000381335
Quick,800,0.000388222
Quick,800,0.000387927
Quick,800,0.000392047
Quick,800,0.000379504
Quick,800,0.000381398
Quick,800,0.000390494
Quick,800,0.000378178
Quick,800,0.000381661
Quick,800,0.000386145
Quick,800,0.00037919
Quick,800,0.000387474
Quick,800,0.000381366
Quick,800,0.000381859
Quick,800,0.000383273
Quick,800,0.00037923
Quick,800,0.000390961
Quick,800,0.000389866
Quick,800,0.000381348
Quick,800,0.000384153
Quick,800,0.000381141
Quick,800,0.000386741
Quick,800,0.0003797
Quick,800,0.00038156
Quick,800,0.000386986
Quick,800,0.000385715
Quick,800,0.00038091
Quick,800,0.000381727
Quick,800,0.000378703
Quick,800,0.000381148
Quick,800,0.000378595
Quick,800,0.000390475
Quick,800,0.00038465
Quick,800,0.000382064
Quick,800,0.000390135
Quick,800,0.000384558
Quick,800,0.000381075
Quick,800,0.000382311
Quick,800,0.000379571
Quick,800,0.000382484
Quick,800,0.000383405
Quick,800,0.000391703
Quick,800,0.00038314
Quick,800,0.000391342
Quick,1600,0.00151269
Quick,1600,0.00148851
Quick,1600,0.0014971
Quick,1600,0.001494
Quick,1600,0.00149093
Quick,1600,0.00147816
Quick,1600,0.00148153
Quick,1600,0.00148431
Quick,1600,0.00149396
Quick,1600,0.00149506
Quick,1600,0.00147894
Quick,1600,0.00148171
Quick,1600,0.00148995
Quick,1600,0.00150357
Quick,1600,0.00147718
Quick,1600,0.0015066
Quick,1600,0.00147663
Quick,1600,0.00148805
Quick,1600,0.00147941
Quick,1600,0.00152925
Quick,1600,0.00147999
Quick,1600,0.00148583
Quick,1600,0.00149796
Quick,1600,0.00148153
Quick,1600,0.00148615
Quick,1600,0.0015057
Quick,1600,0.00149637
Quick,1600,0.0014811
Quick,1600,0.00149618
Quick,1600,0.00150981
Quick,1600,0.00150879
Quick,1600,0.00148001
Quick,1600,0.00149388
Quick,1600,0.0015116
Quick,1600,0.00147875
Quick,1600,0.00148106
Quick,1600,0.0014928
Quick,1600,0.00147508
Quick,1600,0.00153012
Quick,1600,0.001472
Quick,1600,0.00152484
Quick,1600,0.00147531
Quick,1600,0.00149899
Quick,1600,0.00150445
Quick,1600,0.00147488
Quick,1600,0.00154143
Quick,1600,0.00150349
Quick,1600,0.00148996
Quick,1600,0.00151812
Quick,1600,0.00150411
Quick,3200,0.00589658
Quick,3200,0.00583749
Quick,3200,0.00584984
Quick,3200,0.00584778
Quick,3200,0.00586734
Quick,3200,0.00583517
Quick,3200,0.00596302
Quick,3200,0.00590778
Quick,3200,0.00584207
Quick,3200,0.00591822
Quick,3200,0.0058713
Quick,3200,0.00590495
Quick,3200,0.00585542
Quick,3200,0.00592708
Quick,3200,0.00581998
Quick,3200,0.00589168
Quick,3200,0.00585355
Quick,3200,0.00581137
Quick,3200,0.00584423
Quick,3200,0.0056445
Quick,3200,0.0055677
Quick,3200,0.00554387
Quick,3200,0.00602366
Quick,3200,0.00551373
Quick,3200,0.00551102
Quick,3200,0.00550235
Quick,3200,0.00550254
Quick,3200,0.0055049
Quick,3200,0.00554143
Quick,3200,0.00553541
Quick,3200,0.00550241
Quick,3200,0.00553373
Quick,3200,0.00558237
Quick,3200,0.00555318
Quick,3200,0.00551264
Quick,3200,0.00557954
Quick,3200,0.00551769
Quick,3200,0.00555654
Quick,3200,0.00565752
Quick,3200,0.00553372
Quick,3200,0.00553107
Quick,3200,0.00550776
Quick,3200,0.00553471
Quick,3200,0.00550194
Quick,3200,0.00552595
Quick,3200,0.00554888
Quick,3200,0.00550153
Quick,3200,0.00551907
Quick,3200,0.00555167
Quick,3200,0.00587088
Quick,6400,0.0238047
Quick,6400,0.0230993
Quick,6400,0.02289
Quick,6400,0.0235057
Quick,6400,0.0234756
Quick,6400,0.0236206
Quick,6400,0.0222561
Quick,6400,0.0219461
Quick,6400,0.0221145
Quick,6400,0.0222257
Quick,6400,0.0241116
Quick,6400,0.0227276
Quick,6400,0.0232565
Quick,6400,0.0238503
Quick,6400,0.0232548
Quick,6400,0.0231503
Quick,6400,0.023597
Quick,6400,0.0227138
Quick,6400,0.0221777
Quick,6400,0.0224059
Quick,6400,0.0221731
Quick,6400,0.0222479
Quick,6400,0.0222028
Quick,6400,0.0228703
Quick,6400,0.0235528
Quick,6400,0.0231931
Quick,6400,0.0246093
Quick,6400,0.0238128
Quick,6400,0.0231301
Quick,6400,0.0235572
Quick,6400,0.0240048
Quick,6400,0.0232608
Quick,6400,0.0232059
Quick,6400,0.0234872
Quick,6400,0.0242027
Quick,6400,0.0235646
Quick,6400,0.0232014
Quick,6400,0.0232009
Quick,6400,0.0231883
Quick,6400,0.0241719
Quick,6400,0.0238258
Quick,6400,0.0233107
Quick,6400,0.0231798
Quick,6400,0.0231089
Quick,6400,0.0228571
Quick,6400,0.0221511
Quick,6400,0.0222075
Quick,6400,0.0220723
Quick,6400,0.0221737
Quick,6400,0.0226499
Quick,12800,0.0955978
Quick,12800,0.0929956
Quick,12800,0.0936168
Quick,12800,0.0928335
Quick,12800,0.0906964
Quick,12800,0.0925232
Quick,12800,0.0882156
Quick,12800,0.0904574
Quick,12800,0.0915026
Quick,12800,0.0891391
Quick,12800,0.0889476
Quick,12800,0.0921183
Quick,12800,0.0931593
Quick,12800,0.0912617
Quick,12800,0.0897611
Quick,12800,0.091896
Quick,12800,0.0901711
Quick,12800,0.0896037
Quick,12800,0.0886005
Quick,12800,0.0892572
Quick,12800,0.0918493
Quick,12800,0.0879344
Quick,12800,0.0893991
Quick,12800,0.0887402
Quick,12800,0.090155
Quick,12800,0.0931225
Quick,12800,0.0924129
Quick,12800,0.0937573
Quick,12800,0.0932127
Quick,12800,0.0913564
Quick,12800,0.0904523
Quick,12800,0.0913563
Quick,12800,0.0878866
Quick,12800,0.0877542
Quick,12800,0.088281
Quick,12800,0.0898912
Quick,12800,0.0880657
Quick,12800,0.0885465
Quick,12800,0.0883343
Quick,12800,0.0902478
Quick,12800,0.0893914
Quick,12800,0.0897684
Quick,12800,0.0886758
Quick,12800,0.0879276
Quick,12800,0.0878716
Quick,12800,0.0879032
Quick,12800,0.0899898
Quick,12800,0.087334
Quick,12800,0.08757
Quick,12800,0.0898694
