Bubble,100,0.000186733
Bubble,100,0.000146693
Bubble,100,0.00014675
Bubble,100,0.000150799
Bubble,100,0.000141889
Bubble,100,0.000155359
Bubble,100,0.000150141
Bubble,100,0.000153343
Bubble,100,0.00014737
Bubble,100,0.000151327
Bubble,100,0.000153028
Bubble,100,0.000149764
Bubble,100,0.000156314
Bubble,100,0.000162717
Bubble,100,0.000151693
Bubble,100,0.00014793
Bubble,100,0.000146417
Bubble,100,0.000159679
Bubble,100,0.000144751
Bubble,100,0.000168153
Bubble,100,0.000149764
Bubble,100,0.000154863
Bubble,100,0.00015335
Bubble,100,0.000153011
Bubble,100,0.000229071
Bubble,100,0.000185553
Bubble,100,0.000208664
Bubble,100,0.000147056
Bubble,100,0.000145893
Bubble,100,0.000155856
Bubble,100,0.000150115
Bubble,100,0.000162426
Bubble,100,0.000150943
Bubble,100,0.000164848
Bubble,100,0.000160178
Bubble,100,0.000161182
Bubble,100,0.000169839
Bubble,100,0.000155142
Bubble,100,0.000158449
Bubble,100,0.000158053
Bubble,100,0.000154249
Bubble,100,0.000158404
Bubble,100,0.000156053
Bubble,100,0.000153237
Bubble,100,0.000140042
Bubble,100,0.00013577
Bubble,100,0.00015692
Bubble,100,0.000151178
Bubble,100,0.000162746
Bubble,100,0.000144476
Bubble,200,0.000628004
Bubble,200,0.000615528
Bubble,200,0.000734509
Bubble,200,0.000755124
Bubble,200,0.000550341
Bubble,200,0.000631194
Bubble,200,0.000612696
Bubble,200,0.000636131
Bubble,200,0.000612068
Bubble,200,0.000577968
Bubble,200,0.000606424
Bubble,200,0.000621215
Bubble,200,0.000923734
Bubble,200,0.000634804
Bubble,200,0.000637941
Bubble,200,0.000612198
Bubble,200,0.000641337
Bubble,200,0.000547699
Bubble,200,0.000643128
Bubble,200,0.000611437
Bubble,200,0.000629716
Bubble,200,0.000769527
Bubble,200,0.000617806
Bubble,200,0.00059673
Bubble,200,0.000584109
Bubble,200,0.000641577
Bubble,200,0.000646295
Bubble,200,0.00064201
Bubble,200,0.000680861
Bubble,200,0.000624409
Bubble,200,0.000617937
Bubble,200,0.00064383
Bubble,200,0.000777587
Bubble,200,0.000895445
Bubble,200,0.000939298
Bubble,200,0.000813931
Bubble,200,0.000806501
Bubble,200,0.000740159
Bubble,200,0.00078485
Bubble,200,0.000781032
Bubble,200,0.000764162
Bubble,200,0.000768385
Bubble,200,0.000632069
Bubble,200,0.000594434
Bubble,200,0.000681889
Bubble,200,0.00065196
Bubble,200,0.000678028
Bubble,200,0.000755921
Bubble,200,0.000864894
Bubble,200,0.000689902
Bubble,400,0.0027033
Bubble,400,0.00278656
Bubble,400,0.00252878
Bubble,400,0.0027333
Bubble,400,0.00263933
Bubble,400,0.00280515
Bubble,400,0.00257434
Bubble,400,0.0027003
Bubble,400,0.00274931
Bubble,400,0.0026294
Bubble,400,0.00276895
Bubble,400,0.00258951
Bubble,400,0.0028503
Bubble,400,0.00278155
Bubble,400,0.00284313
Bubble,400,0.00280792
Bubble,400,0.00357459
Bubble,400,0.00526982
Bubble,400,0.00543034
Bubble,400,0.00511112
Bubble,400,0.00519892
Bubble,400,0.00482908
Bubble,400,0.0046181
Bubble,400,0.0049218
Bubble,400,0.00472941
Bubble,400,0.00331351
Bubble,400,0.0031084
Bubble,400,0.00315675
Bubble,400,0.00291618
Bubble,400,0.00327788
Bubble,400,0.00349516
Bubble,400,0.00298959
Bubble,400,0.00279508
Bubble,400,0.0027722
Bubble,400,0.00299298
Bubble,400,0.00257575
Bubble,400,0.00249555
Bubble,400,0.00267714
Bubble,400,0.00338281
Bubble,400,0.0031801
Bubble,400,0.00342042
Bubble,400,0.00330067
Bubble,400,0.00320796
Bubble,400,0.00305353
Bubble,400,0.00262948
Bubble,400,0.00266207
Bubble,400,0.0027035
Bubble,400,0.00264518
Bubble,400,0.00253008
Bubble,400,0.00273775
Bubble,800,0.0103858
Bubble,800,0.0112105
Bubble,800,0.0109288
Bubble,800,0.0108619
Bubble,800,0.0107279
Bubble,800,0.0109311
Bubble,800,0.0111111
Bubble,800,0.0108831
Bubble,800,0.0107033
Bubble,800,0.0102668
Bubble,800,0.0109091
Bubble,800,0.0103492
Bubble,800,0.0105633
Bubble,800,0.0103108
Bubble,800,0.0104672
Bubble,800,0.0103596
Bubble,800,0.0118367
Bubble,800,0.0125908
Bubble,800,0.011422
Bubble,800,0.0112574
Bubble,800,0.0123711
Bubble,800,0.0128495
Bubble,800,0.0123129
Bubble,800,0.0134925
Bubble,800,0.010914
Bubble,800,0.0107492
Bubble,800,0.0106789
Bubble,800,0.0108502
Bubble,800,0.0103218
Bubble,800,0.0105931
Bubble,800,0.0108249
Bubble,800,0.0104865
Bubble,800,0.0106008
Bubble,800,0.0103614
Bubble,800,0.0108315
Bubble,800,0.0100733
Bubble,800,0.0106917
Bubble,800,0.0105384
Bubble,800,0.0106346
Bubble,800,0.0107902
Bubble,800,0.0108398
Bubble,800,0.0109039
Bubble,800,0.0109862
Bubble,800,0.00978941
Bubble,800,0.00977075
Bubble,800,0.00909568
Bubble,800,0.00900849
Bubble,800,0.00820665
Bubble,800,0.010603
Bubble,800,0.0125811
Bubble,1600,0.0504945
Bubble,1600,0.0430695
Bubble,1600,0.0438521
Bubble,1600,0.0417273
Bubble,1600,0.03443
Bubble,1600,0.0289588
Bubble,1600,0.0263351
Bubble,1600,0.0225583
Bubble,1600,0.0216998
Bubble,1600,0.0212155
Bubble,1600,0.0211495
Bubble,1600,0.0213099
Bubble,1600,0.0213789
Bubble,1600,0.0215485
Bubble,1600,0.0210536
Bubble,1600,0.0209411
Bubble,1600,0.0213322
Bubble,1600,0.0212581
Bubble,1600,0.0208789
Bubble,1600,0.0220907
Bubble,1600,0.0216113
Bubble,1600,0.0209928
Bubble,1600,0.0214292
Bubble,1600,0.0214093
Bubble,1600,0.0215709
Bubble,1600,0.0218731
Bubble,1600,0.0215675
Bubble,1600,0.0215916
Bubble,1600,0.0211288
Bubble,1600,0.0207824
Bubble,1600,0.021581
Bubble,1600,0.0219461
Bubble,1600,0.0215029
Bubble,1600,0.0241624
Bubble,1600,0.0218829
Bubble,1600,0.0215767
Bubble,1600,0.021175
Bubble,1600,0.0219736
Bubble,1600,0.0212335
Bubble,1600,0.021826
Bubble,1600,0.0211063
Bubble,1600,0.0216627
Bubble,1600,0.0224645
Bubble,1600,0.0209284
Bubble,1600,0.0215959
Bubble,1600,0.0215812
Bubble,1600,0.0219151
Bubble,1600,0.040863
Bubble,1600,0.02564
Bubble,1600,0.0216542
Bubble,3200,0.0867982
Bubble,3200,0.0861395
Bubble,3200,0.0879957
Bubble,3200,0.118146
Bubble,3200,0.0861004
Bubble,3200,0.142117
Bubble,3200,0.209638
Bubble,3200,0.185753
Bubble,3200,0.174405
Bubble,3200,0.170556
Bubble,3200,0.11094
Bubble,3200,0.0889563
Bubble,3200,0.0874302
Bubble,3200,0.0994263
Bubble,3200,0.0878692
Bubble,3200,0.0874426
Bubble,3200,0.0868882
Bubble,3200,0.110446
Bubble,3200,0.0980862
Bubble,3200,0.102303
Bubble,3200,0.0866379
Bubble,3200,0.0865449
Bubble,3200,0.0870144
Bubble,3200,0.094768
Bubble,3200,0.0860978
Bubble,3200,0.101258
Bubble,3200,0.0890117
Bubble,3200,0.112457
Bubble,3200,0.0892795
Bubble,3200,0.0901278
Bubble,3200,0.113467
Bubble,3200,0.104888
Bubble,3200,0.0982211
Bubble,3200,0.0882435
Bubble,3200,0.1263
Bubble,3200,0.0907585
Bubble,3200,0.115453
Bubble,3200,0.110813
Bubble,3200,0.0918399
Bubble,3200,0.0899938
Bubble,3200,0.130722
Bubble,3200,0.149161
Bubble,3200,0.112907
Bubble,3200,0.166934
Bubble,3200,0.193927
Bubble,3200,0.183198
Bubble,3200,0.198498
Bubble,3200,0.186872
Bubble,3200,0.181677
Bubble,3200,0.190403
Bubble,6400,0.496402
Bubble,6400,0.377819
Bubble,6400,0.412476
Bubble,6400,0.397321
Bubble,6400,0.730775
Bubble,6400,0.755898
Bubble,6400,0.507852
Bubble,6400,0.448274
Bubble,6400,0.639338
Bubble,6400,0.591208
Bubble,6400,0.555275
Bubble,6400,0.347371
Bubble,6400,0.344015
Bubble,6400,0.337782
Bubble,6400,0.350516
Bubble,6400,0.343408
Bubble,6400,0.333043
Bubble,6400,0.337157
Bubble,6400,0.335566
Bubble,6400,0.329796
Bubble,6400,0.342207
Bubble,6400,0.337528
Bubble,6400,0.339702
Bubble,6400,0.334935
Bubble,6400,0.332813
Bubble,6400,0.334844
Bubble,6400,0.339
Bubble,6400,0.336252
Bubble,6400,0.338428
Bubble,6400,0.333773
Bubble,6400,0.33909
Bubble,6400,0.33414
Bubble,6400,0.336706
Bubble,6400,0.33904
Bubble,6400,0.33854
Bubble,6400,0.340507
Bubble,6400,0.337947
Bubble,6400,0.335518
Bubble,6400,0.333802
Bubble,6400,0.330016
Bubble,6400,0.350578
Bubble,6400,0.347353
Bubble,6400,0.348786
Bubble,6400,0.348509
Bubble,6400,0.34235
Bubble,6400,0.339471
Bubble,6400,0.349376
Bubble,6400,0.351095
Bubble,6400,0.349374
Bubble,6400,0.35549
Bubble,12800,1.48258
Bubble,12800,1.60645
Bubble,12800,1.80667
Bubble,12800,1.41996
Bubble,12800,1.41033
Bubble,12800,1.42876
Bubble,12800,1.39081
Bubble,12800,1.3534
Bubble,12800,1.36138
Bubble,12800,1.69455
Bubble,12800,1.59257
Bubble,12800,1.35804
Bubble,12800,1.3736
Bubble,12800,1.36037
Bubble,12800,1.38264
Bubble,12800,1.35961
Bubble,12800,1.37376
Bubble,12800,1.36054
Bubble,12800,1.3677
Bubble,12800,1.37103
Bubble,12800,1.36026
Bubble,12800,1.36381
Bubble,12800,1.36043
Bubble,12800,1.36246
Bubble,12800,1.36421
Bubble,12800,1.38524
Bubble,12800,1.36608
Bubble,12800,1.36842
Bubble,12800,1.37121
Bubble,12800,1.37604
Bubble,12800,1.36841
Bubble,12800,1.35871
Bubble,12800,1.37513
Bubble,12800,1.37336
Bubble,12800,1.37891
Bubble,12800,1.37305
Bubble,12800,1.37114
Bubble,12800,1.3644
Bubble,12800,1.36457
Bubble,12800,1.37586
Bubble,12800,1.36393
Bubble,12800,1.37558
Bubble,12800,1.36339
Bubble,12800,1.37465
Bubble,12800,1.36988
Bubble,12800,1.35979
Bubble,12800,1.37513
Bubble,12800,1.38625
Bubble,12800,1.38349
Bubble,12800,1.38237
Insertion,100,3.3334e-05
Insertion,100,3.2208e-05
Insertion,100,3.2564e-05
Insertion,100,3.1646e-05
Insertion,100,3.3117e-05
Insertion,100,3.2217e-05
Insertion,100,3.0328e-05
Insertion,100,3.1489e-05
Insertion,100,2.8625e-05
Insertion,100,2.8145e-05
Insertion,100,2.9734e-05
Insertion,100,2.9592e-05
Insertion,100,3.5035e-05
Insertion,100,4.0711e-05
Insertion,100,3.3696e-05
Insertion,100,3.1254e-05
Insertion,100,3.358e-05
Insertion,100,3.1216e-05
Insertion,100,3.6242e-05
Insertion,100,3.2521e-05
Insertion,100,3.7479e-05
Insertion,100,3.4284e-05
Insertion,100,3.523e-05
Insertion,100,3.4236e-05
Insertion,100,3.5148e-05
Insertion,100,3.3317e-05
Insertion,100,3.5138e-05
Insertion,100,3.3396e-05
Insertion,100,3.2289e-05
Insertion,100,3.3584e-05
Insertion,100,3.5222e-05
Insertion,100,3.4192e-05
Insertion,100,3.4363e-05
Insertion,100,3.3505e-05
Insertion,100,3.1507e-05
Insertion,100,3.3505e-05
Insertion,100,3.0064e-05
Insertion,100,3.193e-05
Insertion,100,3.0425e-05
Insertion,100,3.2822e-05
Insertion,100,3.4432e-05
Insertion,100,3.7325e-05
Insertion,100,3.572e-05
Insertion,100,3.0682e-05
Insertion,100,3.6683e-05
Insertion,100,3.2891e-05
Insertion,100,3.3646e-05
Insertion,100,3.3657e-05
Insertion,100,3.095e-05
Insertion,100,3.2856e-05
Insertion,200,0.000128406
Insertion,200,0.000134752
Insertion,200,0.000131304
Insertion,200,0.000125335
Insertion,200,0.000184867
Insertion,200,0.00013646
Insertion,200,0.000130583
Insertion,200,0.000135126
Insertion,200,0.00013139
Insertion,200,0.0001307
Insertion,200,0.000118741
Insertion,200,0.000131876
Insertion,200,0.000137898
Insertion,200,0.000120461
Insertion,200,0.000120069
Insertion,200,0.000128804
Insertion,200,0.000121999
Insertion,200,0.000134547
Insertion,200,0.000131474
Insertion,200,0.000132603
Insertion,200,0.000128593
Insertion,200,0.000132804
Insertion,200,0.000122763
Insertion,200,0.000124149
Insertion,200,0.00013544
Insertion,200,0.000135833
Insertion,200,0.000125973
Insertion,200,0.000125235
Insertion,200,0.000124712
Insertion,200,0.000125553
Insertion,200,0.000132655
Insertion,200,0.000128265
Insertion,200,0.000132158
Insertion,200,0.000123445
Insertion,200,0.000136471
Insertion,200,0.000125693
Insertion,200,0.00012466
Insertion,200,0.000125012
Insertion,200,0.000125865
Insertion,200,0.000127219
Insertion,200,0.00014063
Insertion,200,0.000127704
Insertion,200,0.00013041
Insertion,200,0.000132023
Insertion,200,0.000138127
Insertion,200,0.000122701
Insertion,200,0.000131601
Insertion,200,0.000123135
Insertion,200,0.000130486
Insertion,200,0.000138324
Insertion,400,0.000499332
Insertion,400,0.000510996
Insertion,400,0.000522188
Insertion,400,0.000528994
Insertion,400,0.000527651
Insertion,400,0.000497915
Insertion,400,0.000479867
Insertion,400,0.000491314
Insertion,400,0.000522127
Insertion,400,0.000496031
Insertion,400,0.000491411
Insertion,400,0.000514263
Insertion,400,0.000502853
Insertion,400,0.000524882
Insertion,400,0.000506777
Insertion,400,0.000713624
Insertion,400,0.000525585
Insertion,400,0.000532984
Insertion,400,0.000521637
Insertion,400,0.000517294
Insertion,400,0.000512861
Insertion,400,0.000491516
Insertion,400,0.00053801
Insertion,400,0.000495809
Insertion,400,0.00050898
Insertion,400,0.000518187
Insertion,400,0.000538091
Insertion,400,0.00049669
Insertion,400,0.000518694
Insertion,400,0.000515177
Insertion,400,0.000526613
Insertion,400,0.000537001
Insertion,400,0.000510697
Insertion,400,0.000520521
Insertion,400,0.000531481
Insertion,400,0.000550071
Insertion,400,0.000495209
Insertion,400,0.000510395
Insertion,400,0.000512221
Insertion,400,0.000548846
Insertion,400,0.000520904
Insertion,400,0.000513838
Insertion,400,0.000518228
Insertion,400,0.000523661
Insertion,400,0.000591576
Insertion,400,0.000531886
Insertion,400,0.00050923
Insertion,400,0.000502215
Insertion,400,0.00050851
Insertion,400,0.000507145
Insertion,800,0.00214704
Insertion,800,0.00219603
Insertion,800,0.00195794
Insertion,800,0.00222751
Insertion,800,0.00208048
Insertion,800,0.0020751
Insertion,800,0.00205123
Insertion,800,0.00206483
Insertion,800,0.00221209
Insertion,800,0.00207442
Insertion,800,0.00217665
Insertion,800,0.00199961
Insertion,800,0.0020577
Insertion,800,0.00200739
Insertion,800,0.00206827
Insertion,800,0.00208733
Insertion,800,0.00204197
Insertion,800,0.00203294
Insertion,800,0.00187762
Insertion,800,0.00201381
Insertion,800,0.0020872
Insertion,800,0.00208133
Insertion,800,0.00210917
Insertion,800,0.00195555
Insertion,800,0.00207032
Insertion,800,0.00207753
Insertion,800,0.00209075
Insertion,800,0.00201599
Insertion,800,0.00201828
Insertion,800,0.00211307
Insertion,800,0.00193636
Insertion,800,0.00197433
Insertion,800,0.00201962
Insertion,800,0.00202521
Insertion,800,0.00207832
Insertion,800,0.00204979
Insertion,800,0.00208626
Insertion,800,0.00197313
Insertion,800,0.00206145
Insertion,800,0.00208727
Insertion,800,0.0020402
Insertion,800,0.00206461
Insertion,800,0.00202064
Insertion,800,0.00201099
Insertion,800,0.00196223
Insertion,800,0.00206679
Insertion,800,0.00201937
Insertion,800,0.00208497
Insertion,800,0.00209772
Insertion,800,0.00197514
Insertion,1600,0.00820614
Insertion,1600,0.00818428
Insertion,1600,0.00818501
Insertion,1600,0.00832235
Insertion,1600,0.00826266
Insertion,1600,0.00829766
Insertion,1600,0.00858842
Insertion,1600,0.00820219
Insertion,1600,0.00816892
Insertion,1600,0.00821058
Insertion,1600,0.00810498
Insertion,1600,0.00823707
Insertion,1600,0.0080861
Insertion,1600,0.00837892
Insertion,1600,0.00815953
Insertion,1600,0.00798678
Insertion,1600,0.00805046
Insertion,1600,0.00816285
Insertion,1600,0.00833988
Insertion,1600,0.0082333
Insertion,1600,0.00835046
Insertion,1600,0.00852841
Insertion,1600,0.00836147
Insertion,1600,0.00832393
Insertion,1600,0.00822121
Insertion,1600,0.00830906
Insertion,1600,0.0080446
Insertion,1600,0.00817101
Insertion,1600,0.00817137
Insertion,1600,0.00814832
Insertion,1600,0.00805015
Insertion,1600,0.00795613
Insertion,1600,0.00827708
Insertion,1600,0.00808214
Insertion,1600,0.00817776
Insertion,1600,0.00823609
Insertion,1600,0.00846476
Insertion,1600,0.00807701
Insertion,1600,0.00820196
Insertion,1600,0.00814811
Insertion,1600,0.00833337
Insertion,1600,0.00806888
Insertion,1600,0.00825469
Insertion,1600,0.00838449
Insertion,1600,0.00835768
Insertion,1600,0.00882125
Insertion,1600,0.00821043
Insertion,1600,0.00814037
Insertion,1600,0.00837769
Insertion,1600,0.00808618
Insertion,3200,0.0329691
Insertion,3200,0.0325716
Insertion,3200,0.0326461
Insertion,3200,0.032964
Insertion,3200,0.0337347
Insertion,3200,0.0323698
Insertion,3200,0.033774
Insertion,3200,0.0317353
Insertion,3200,0.0325899
Insertion,3200,0.0324899
Insertion,3200,0.0330732
Insertion,3200,0.0322677
Insertion,3200,0.0332031
Insertion,3200,0.0333474
Insertion,3200,0.0328738
Insertion,3200,0.0326566
Insertion,3200,0.0343693
Insertion,3200,0.0339702
Insertion,3200,0.033532
Insertion,3200,0.0328451
Insertion,3200,0.0337667
Insertion,3200,0.0333859
Insertion,3200,0.0326433
Insertion,3200,0.0325397
Insertion,3200,0.0336754
Insertion,3200,0.0327769
Insertion,3200,0.0333982
Insertion,3200,0.0330674
Insertion,3200,0.0328547
Insertion,3200,0.0322586
Insertion,3200,0.0329176
Insertion,3200,0.0323282
Insertion,3200,0.033879
Insertion,3200,0.0344173
Insertion,3200,0.0332469
Insertion,3200,0.0329591
Insertion,3200,0.0324168
Insertion,3200,0.0324969
Insertion,3200,0.0329987
Insertion,3200,0.0318378
Insertion,3200,0.0326734
Insertion,3200,0.033168
Insertion,3200,0.035704
Insertion,3200,0.032568
Insertion,3200,0.0329312
Insertion,3200,0.0335098
Insertion,3200,0.0335128
Insertion,3200,0.0324503
Insertion,3200,0.0330668
Insertion,3200,0.0329403
Insertion,6400,0.129858
Insertion,6400,0.129345
Insertion,6400,0.13371
Insertion,6400,0.129363
Insertion,6400,0.13376
Insertion,6400,0.131452
Insertion,6400,0.132279
Insertion,6400,0.133311
Insertion,6400,0.134108
Insertion,6400,0.129463
Insertion,6400,0.131406
Insertion,6400,0.130108
Insertion,6400,0.12965
Insertion,6400,0.133512
Insertion,6400,0.132786
Insertion,6400,0.133148
Insertion,6400,0.131715
Insertion,6400,0.130649
Insertion,6400,0.130272
Insertion,6400,0.132066
Insertion,6400,0.134024
Insertion,6400,0.132327
Insertion,6400,0.132933
Insertion,6400,0.133104
Insertion,6400,0.130071
Insertion,6400,0.130949
Insertion,6400,0.133484
Insertion,6400,0.13582
Insertion,6400,0.131352
Insertion,6400,0.13293
Insertion,6400,0.133845
Insertion,6400,0.134308
Insertion,6400,0.131617
Insertion,6400,0.133031
Insertion,6400,0.13203
Insertion,6400,0.132015
Insertion,6400,0.132447
Insertion,6400,0.134522
Insertion,6400,0.13234
Insertion,6400,0.130173
Insertion,6400,0.132177
Insertion,6400,0.131271
Insertion,6400,0.131097
Insertion,6400,0.130743
Insertion,6400,0.130127
Insertion,6400,0.1308
Insertion,6400,0.129653
Insertion,6400,0.131058
Insertion,6400,0.130585
Insertion,6400,0.133043
Insertion,12800,0.534884
Insertion,12800,0.535175
Insertion,12800,0.528027
Insertion,12800,0.524169
Insertion,12800,0.535338
Insertion,12800,0.533056
Insertion,12800,0.532869
Insertion,12800,0.526497
Insertion,12800,0.526287
Insertion,12800,0.524317
Insertion,12800,0.533949
Insertion,12800,0.529672
Insertion,12800,0.529253
Insertion,12800,0.523828
Insertion,12800,0.528491
Insertion,12800,0.537856
Insertion,12800,0.540874
Insertion,12800,0.525391
Insertion,12800,0.531997
Insertion,12800,0.529397
Insertion,12800,0.519158
Insertion,12800,0.520443
Insertion,12800,0.527383
Insertion,12800,0.523572
Insertion,12800,0.525498
Insertion,12800,0.527578
Insertion,12800,0.526861
Insertion,12800,0.524055
Insertion,12800,0.530217
Insertion,12800,0.526364
Insertion,12800,0.525969
Insertion,12800,0.548954
Insertion,12800,0.540549
Insertion,12800,0.538898
Insertion,12800,0.528957
Insertion,12800,0.539644
Insertion,12800,0.539758
Insertion,12800,0.551248
Insertion,12800,0.535698
Insertion,12800,0.544215
Insertion,12800,0.548538
Insertion,12800,0.531681
Insertion,12800,0.528633
Insertion,12800,0.541203
Insertion,12800,0.525491
Insertion,12800,0.530374
Insertion,12800,0.524494
Insertion,12800,0.530762
Insertion,12800,0.535354
Insertion,12800,0.535785
Selection,100,2.9952e-05
Selection,100,3.0949e-05
Selection,100,3.0355e-05
Selection,100,3.0248e-05
Selection,100,3.0968e-05
Selection,100,3.0353e-05
Selection,100,3.0601e-05
Selection,100,3.1198e-05
Selection,100,3.0404e-05
Selection,100,3.0086e-05
Selection,100,3.7796e-05
Selection,100,3.0719e-05
Selection,100,3.0581e-05
Selection,100,3.0561e-05
Selection,100,2.9754e-05
Selection,100,3.0773e-05
Selection,100,2.995e-05
Selection,100,2.9818e-05
Selection,100,3.0308e-05
Selection,100,2.9796e-05
Selection,100,3.1822e-05
Selection,100,2.998e-05
Selection,100,2.9521e-05
Selection,100,3.0222e-05
Selection,100,3.0087e-05
Selection,100,3.106e-05
Selection,100,3.014e-05
Selection,100,2.9568e-05
Selection,100,2.9941e-05
Selection,100,3.0314e-05
Selection,100,2.9729e-05
Selection,100,2.9054e-05
Selection,100,2.975e-05
Selection,100,2.9163e-05
Selection,100,3.0658e-05
Selection,100,3.0159e-05
Selection,100,2.9735e-05
Selection,100,2.9213e-05
Selection,100,2.9842e-05
Selection,100,3.0094e-05
Selection,100,3.0609e-05
Selection,100,2.989e-05
Selection,100,3.2891e-05
Selection,100,3.0129e-05
Selection,100,3.0203e-05
Selection,100,2.9347e-05
Selection,100,3.0375e-05
Selection,100,3.041e-05
Selection,100,3.0996e-05
Selection,100,3.0578e-05
Selection,200,0.000114858
Selection,200,0.000112943
Selection,200,0.000113386
Selection,200,0.000113694
Selection,200,0.000113596
Selection,200,0.000112437
Selection,200,0.000117724
Selection,200,0.000119536
Selection,200,0.000147385
Selection,200,0.000114326
Selection,200,0.000144516
Selection,200,0.000113584
Selection,200,0.00011354
Selection,200,0.000114279
Selection,200,0.000111752
Selection,200,0.000111477
Selection,200,0.000113918
Selection,200,0.000112118
Selection,200,0.000111998
Selection,200,0.000113547
Selection,200,0.000112675
Selection,200,0.00011346
Selection,200,0.000114845
Selection,200,0.000112051
Selection,200,0.000112858
Selection,200,0.000115974
Selection,200,0.000110178
Selection,200,0.000115053
Selection,200,0.000117626
Selection,200,0.000113981
Selection,200,0.00011586
Selection,200,0.000111492
Selection,200,0.000110629
Selection,200,0.000115425
Selection,200,0.00011506
Selection,200,0.000113282
Selection,200,0.000113677
Selection,200,0.000112309
Selection,200,0.000111398
Selection,200,0.000111275
Selection,200,0.000111014
Selection,200,0.000115776
Selection,200,0.000112942
Selection,200,0.000115957
Selection,200,0.000111354
Selection,200,0.000111138
Selection,200,0.000115372
Selection,200,0.0001163
Selection,200,0.000118793
Selection,200,0.000109938
Selection,400,0.000422299
Selection,400,0.000452541
Selection,400,0.000431395
Selection,400,0.000430632
Selection,400,0.000435257
Selection,400,0.000436439
Selection,400,0.000431745
Selection,400,0.000432326
Selection,400,0.000443285
Selection,400,0.000445628
Selection,400,0.000430575
Selection,400,0.000436003
Selection,400,0.000443917
Selection,400,0.000433842
Selection,400,0.000436348
Selection,400,0.000441158
Selection,400,0.000452802
Selection,400,0.000445346
Selection,400,0.000700867
Selection,400,0.00130168
Selection,400,0.00122051
Selection,400,0.000567059
Selection,400,0.000428313
Selection,400,0.00042049
Selection,400,0.000434531
Selection,400,0.000428711
Selection,400,0.000440862
Selection,400,0.000428348
Selection,400,0.000434572
Selection,400,0.000439897
Selection,400,0.00043762
Selection,400,0.000436976
Selection,400,0.000437952
Selection,400,0.000444401
Selection,400,0.00043686
Selection,400,0.000428122
Selection,400,0.000446817
Selection,400,0.000436606
Selection,400,0.000436154
Selection,400,0.000436889
Selection,400,0.000450865
Selection,400,0.000433373
Selection,400,0.000441744
Selection,400,0.000436849
Selection,400,0.000444891
Selection,400,0.000436055
Selection,400,0.000433907
Selection,400,0.000429717
Selection,400,0.000444503
Selection,400,0.000450848
Selection,800,0.00169321
Selection,800,0.0016958
Selection,800,0.00173003
Selection,800,0.00171095
Selection,800,0.0016951
Selection,800,0.00169502
Selection,800,0.00169604
Selection,800,0.00170947
Selection,800,0.00172639
Selection,800,0.00169526
Selection,800,0.00174107
Selection,800,0.00169651
Selection,800,0.00169706
Selection,800,0.00170215
Selection,800,0.00170681
Selection,800,0.00170193
Selection,800,0.00172364
Selection,800,0.00182783
Selection,800,0.0027969
Selection,800,0.00524323
Selection,800,0.0048317
Selection,800,0.00225017
Selection,800,0.00167062
Selection,800,0.00169379
Selection,800,0.00168717
Selection,800,0.00208928
Selection,800,0.00168904
Selection,800,0.00169044
Selection,800,0.00168437
Selection,800,0.00169482
Selection,800,0.0017063
Selection,800,0.00168084
Selection,800,0.00172722
Selection,800,0.00168405
Selection,800,0.00172748
Selection,800,0.00172868
Selection,800,0.00167742
Selection,800,0.00169924
Selection,800,0.00169955
Selection,800,0.00170185
Selection,800,0.00169842
Selection,800,0.00178309
Selection,800,0.00171866
Selection,800,0.00169412
Selection,800,0.00170897
Selection,800,0.00179668
Selection,800,0.00173593
Selection,800,0.0017793
Selection,800,0.00177841
Selection,800,0.00178274
Selection,1600,0.00668642
Selection,1600,0.00668735
Selection,1600,0.00673462
Selection,1600,0.00670103
Selection,1600,0.00669771
Selection,1600,0.0066723
Selection,1600,0.00685264
Selection,1600,0.00691312
Selection,1600,0.00683363
Selection,1600,0.00680469
Selection,1600,0.00728673
Selection,1600,0.00695725
Selection,1600,0.00700023
Selection,1600,0.00701244
Selection,1600,0.00701079
Selection,1600,0.0069638
Selection,1600,0.0119309
Selection,1600,0.0135745
Selection,1600,0.0224676
Selection,1600,0.0441274
Selection,1600,0.0432759
Selection,1600,0.0189758
Selection,1600,0.0155018
Selection,1600,0.0139583
Selection,1600,0.0139886
Selection,1600,0.0144631
Selection,1600,0.0143121
Selection,1600,0.0141437
Selection,1600,0.0140019
Selection,1600,0.0140294
Selection,1600,0.0139577
Selection,1600,0.0139724
Selection,1600,0.013899
Selection,1600,0.0146405
Selection,1600,0.0139929
Selection,1600,0.0139366
Selection,1600,0.0144033
Selection,1600,0.0145362
Selection,1600,0.0145898
Selection,1600,0.0139953
Selection,1600,0.0139399
Selection,1600,0.0140402
Selection,1600,0.0138878
Selection,1600,0.0140935
Selection,1600,0.014063
Selection,1600,0.0139486
Selection,1600,0.0140608
Selection,1600,0.0139239
Selection,1600,0.0141714
Selection,1600,0.0138265
Selection,3200,0.0463687
Selection,3200,0.0369567
Selection,3200,0.0299955
Selection,3200,0.0276597
Selection,3200,0.0281074
Selection,3200,0.0279843
Selection,3200,0.0280396
Selection,3200,0.028093
Selection,3200,0.0287715
Selection,3200,0.0280216
Selection,3200,0.0281526
Selection,3200,0.0281596
Selection,3200,0.0281061
Selection,3200,0.0284964
Selection,3200,0.0281829
Selection,3200,0.0281863
Selection,3200,0.0281828
Selection,3200,0.0282805
Selection,3200,0.0456748
Selection,3200,0.0826509
Selection,3200,0.0778024
Selection,3200,0.0376003
Selection,3200,0.0282866
Selection,3200,0.0281494
Selection,3200,0.0284044
Selection,3200,0.0284285
Selection,3200,0.0285311
Selection,3200,0.0286072
Selection,3200,0.0281784
Selection,3200,0.0281735
Selection,3200,0.0282456
Selection,3200,0.0285258
Selection,3200,0.0282951
Selection,3200,0.0283725
Selection,3200,0.0281786
Selection,3200,0.028336
Selection,3200,0.0284385
Selection,3200,0.0284436
Selection,3200,0.0282746
Selection,3200,0.0283679
Selection,3200,0.0282306
Selection,3200,0.0282495
Selection,3200,0.0283095
Selection,3200,0.0283283
Selection,3200,0.0282023
Selection,3200,0.0283482
Selection,3200,0.0286883
Selection,3200,0.0286357
Selection,3200,0.0284817
Selection,3200,0.0289287
Selection,6400,0.213823
Selection,6400,0.215236
Selection,6400,0.189661
Selection,6400,0.111179
Selection,6400,0.10551
Selection,6400,0.108061
Selection,6400,0.106251
Selection,6400,0.109485
Selection,6400,0.107256
Selection,6400,0.109568
Selection,6400,0.107073
Selection,6400,0.106568
Selection,6400,0.108366
Selection,6400,0.108265
Selection,6400,0.10898
Selection,6400,0.110096
Selection,6400,0.107796
Selection,6400,0.108248
Selection,6400,0.174978
Selection,6400,0.328379
Selection,6400,0.307934
Selection,6400,0.143171
Selection,6400,0.108463
Selection,6400,0.108175
Selection,6400,0.107721
Selection,6400,0.106179
Selection,6400,0.10803
Selection,6400,0.10656
Selection,6400,0.106496
Selection,6400,0.106625
Selection,6400,0.107189
Selection,6400,0.107783
Selection,6400,0.106828
Selection,6400,0.107811
Selection,6400,0.105606
Selection,6400,0.106128
Selection,6400,0.107552
Selection,6400,0.107209
Selection,6400,0.106312
Selection,6400,0.106262
Selection,6400,0.108091
Selection,6400,0.110642
Selection,6400,0.108902
Selection,6400,0.108436
Selection,6400,0.105911
Selection,6400,0.106357
Selection,6400,0.106056
Selection,6400,0.106746
Selection,6400,0.10642
Selection,6400,0.106813
Selection,12800,0.432422
Selection,12800,0.429493
Selection,12800,0.429473
Selection,12800,0.43132
Selection,12800,0.427014
Selection,12800,0.430622
Selection,12800,0.427583
Selection,12800,0.425989
Selection,12800,0.430181
Selection,12800,0.434239
Selection,12800,0.432806
Selection,12800,0.428
Selection,12800,0.431319
Selection,12800,0.426694
Selection,12800,0.432914
Selection,12800,0.425941
Selection,12800,0.427518
Selection,12800,0.429905
Selection,12800,0.70224
Selection,12800,1.31223
Selection,12800,1.23223
Selection,12800,0.572402
Selection,12800,0.430575
Selection,12800,0.428874
Selection,12800,0.428773
Selection,12800,0.42828
Selection,12800,0.427114
Selection,12800,0.430281
Selection,12800,0.430081
Selection,12800,0.429218
Selection,12800,0.429436
Selection,12800,0.428532
Selection,12800,0.42667
Selection,12800,0.42513
Selection,12800,0.428358
Selection,12800,0.42366
Selection,12800,0.428907
Selection,12800,0.428598
Selection,12800,0.428166
Selection,12800,0.429903
Selection,12800,0.42955
Selection,12800,0.426761
Selection,12800,0.431473
Selection,12800,0.430008
Selection,12800,0.427973
Selection,12800,0.427611
Selection,12800,0.429244
Selection,12800,0.429828
Selection,12800,0.430718
Selection,12800,0.429387
Quick,100,2.5628e-05
Quick,100,2.4782e-05
Quick,100,2.4075e-05
Quick,100,2.2418e-05
Quick,100,2.3982e-05
Quick,100,2.5915e-05
Quick,100,3.0979e-05
Quick,100,2.426e-05
Quick,100,2.2611e-05
Quick,100,2.299e-05
Quick,100,2.638e-05
Quick,100,3.1547e-05
Quick,100,3.413e-05
Quick,100,3.4255e-05
Quick,100,2.6078e-05
Quick,100,2.4128e-05
Quick,100,2.444e-05
Quick,100,2.4825e-05
Quick,100,2.6676e-05
Quick,100,2.9954e-05
Quick,100,2.2355e-05
Quick,100,2.2207e-05
Quick,100,2.5791e-05
Quick,100,2.8069e-05
Quick,100,2.9662e-05
Quick,100,2.7278e-05
Quick,100,2.8162e-05
Quick,100,2.7356e-05
Quick,100,2.8921e-05
Quick,100,3.2827e-05
Quick,100,3.2392e-05
Quick,100,2.9817e-05
Quick,100,2.9681e-05
Quick,100,2.3594e-05
Quick,100,2.3483e-05
Quick,100,2.3581e-05
Quick,100,2.2249e-05
Quick,100,2.3287e-05
Quick,100,2.3577e-05
Quick,100,2.3115e-05
Quick,100,2.304e-05
Quick,100,2.379e-05
Quick,100,2.8889e-05
Quick,100,2.3772e-05
Quick,100,2.2997e-05
Quick,100,2.139e-05
Quick,100,2.312e-05
Quick,100,2.3047e-05
Quick,100,2.552e-05
Quick,100,2.533e-05
Quick,200,4.9911e-05
Quick,200,4.718e-05
Quick,200,5.934e-05
Quick,200,5.5728e-05
Quick,200,5.1578e-05
Quick,200,5.1425e-05
Quick,200,5.0342e-05
Quick,200,5.4934e-05
Quick,200,5.0549e-05
Quick,200,5.3658e-05
Quick,200,5.1078e-05
Quick,200,5.1e-05
Quick,200,5.4096e-05
Quick,200,5.9238e-05
Quick,200,5.3042e-05
Quick,200,5.3366e-05
Quick,200,5.2552e-05
Quick,200,5.3273e-05
Quick,200,6.2804e-05
Quick,200,5.1404e-05
Quick,200,5.0607e-05
Quick,200,4.9572e-05
Quick,200,5.1209e-05
Quick,200,5.1233e-05
Quick,200,5.583e-05
Quick,200,5.1525e-05
Quick,200,5.1177e-05
Quick,200,5.0288e-05
Quick,200,5.1644e-05
Quick,200,5.0883e-05
Quick,200,4.9213e-05
Quick,200,5.0442e-05
Quick,200,4.9375e-05
Quick,200,4.7465e-05
Quick,200,5.3495e-05
Quick,200,5.2105e-05
Quick,200,5.5431e-05
Quick,200,5.0827e-05
Quick,200,5.094e-05
Quick,200,4.7999e-05
Quick,200,5.2861e-05
Quick,200,4.6947e-05
Quick,200,4.9017e-05
Quick,200,4.805e-05
Quick,200,4.7925e-05
Quick,200,4.8985e-05
Quick,200,4.7002e-05
Quick,200,5.0348e-05
Quick,200,5.0317e-05
Quick,200,6.8088e-05
Quick,400,0.000106944
Quick,400,0.000111933
Quick,400,0.000129591
Quick,400,0.000127686
Quick,400,0.000123601
Quick,400,0.000123072
Quick,400,0.000131889
Quick,400,0.000120576
Quick,400,0.000117498
Quick,400,0.000123632
Quick,400,0.000107782
Quick,400,0.000105384
Quick,400,0.000103059
Quick,400,0.000106606
Quick,400,0.000111567
Quick,400,0.000131233
Quick,400,0.000123358
Quick,400,0.000121751
Quick,400,0.000126225
Quick,400,0.000129832
Quick,400,0.00011429
Quick,400,0.000125404
Quick,400,0.000104263
Quick,400,0.000105073
Quick,400,0.000119318
Quick,400,0.000111474
Quick,400,0.000116119
Quick,400,0.000104704
Quick,400,0.000114127
Quick,400,0.00010561
Quick,400,0.00010116
Quick,400,0.000106187
Quick,400,0.000106534
Quick,400,0.000115172
Quick,400,0.000107401
Quick,400,0.00010336
Quick,400,0.00011014
Quick,400,0.000104333
Quick,400,0.000107096
Quick,400,0.000106074
Quick,400,0.000102216
Quick,400,0.000100936
Quick,400,0.000117019
Quick,400,0.000110536
Quick,400,0.000109754
Quick,400,0.000106244
Quick,400,0.000107679
Quick,400,0.000107026
Quick,400,0.00010916
Quick,400,0.000103584
Quick,800,0.00024705
Quick,800,0.00024206
Quick,800,0.000225804
Quick,800,0.000237756
Quick,800,0.000225222
Quick,800,0.000223708
Quick,800,0.000224986
Quick,800,0.000232029
Quick,800,0.000224544
Quick,800,0.000219572
Quick,800,0.00024989
Quick,800,0.000236151
Quick,800,0.000255875
Quick,800,0.000236862
Quick,800,0.000232008
Quick,800,0.000245573
Quick,800,0.000244763
Quick,800,0.000249189
Quick,800,0.000241914
Quick,800,0.000255988
Quick,800,0.000226529
Quick,800,0.000246793
Quick,800,0.000234493
Quick,800,0.000237593
Quick,800,0.000247627
Quick,800,0.000259387
Quick,800,0.000235852
Quick,800,0.000235794
Quick,800,0.000244482
Quick,800,0.000254275
Quick,800,0.000238336
Quick,800,0.000232085
Quick,800,0.000241822
Quick,800,0.000235734
Quick,800,0.000237597
Quick,800,0.000230683
Quick,800,0.000246903
Quick,800,0.000245257
Quick,800,0.000247615
Quick,800,0.000244836
Quick,800,0.000228305
Quick,800,0.000235326
Quick,800,0.000241476
Quick,800,0.000234687
Quick,800,0.000244012
Quick,800,0.000237664
Quick,800,0.000237363
Quick,800,0.00023536
Quick,800,0.000244412
Quick,800,0.000241233
Quick,1600,0.000508491
Quick,1600,0.000519864
Quick,1600,0.000507785
Quick,1600,0.000506245
Quick,1600,0.000520376
Quick,1600,0.00051304
Quick,1600,0.000517613
Quick,1600,0.000515882
Quick,1600,0.00052617
Quick,1600,0.000497603
Quick,1600,0.000485736
Quick,1600,0.000513985
Quick,1600,0.000494377
Quick,1600,0.000499279
Quick,1600,0.000504955
Quick,1600,0.000502425
Quick,1600,0.000513043
Quick,1600,0.000498848
Quick,1600,0.000507912
Quick,1600,0.00055829
Quick,1600,0.000498734
Quick,1600,0.000505691
Quick,1600,0.000500487
Quick,1600,0.000529957
Quick,1600,0.000494702
Quick,1600,0.000534847
Quick,1600,0.000511327
Quick,1600,0.000513306
Quick,1600,0.000537071
Quick,1600,0.000549381
Quick,1600,0.000507949
Quick,1600,0.00051957
Quick,1600,0.000511263
Quick,1600,0.000537938
Quick,1600,0.000503286
Quick,1600,0.000510503
Quick,1600,0.000511627
Quick,1600,0.000506276
Quick,1600,0.000502282
Quick,1600,0.000492587
Quick,1600,0.000519039
Quick,1600,0.000516627
Quick,1600,0.000533586
Quick,1600,0.000517189
Quick,1600,0.000508783
Quick,1600,0.000502875
Quick,1600,0.000513256
Quick,1600,0.000516103
Quick,1600,0.000530565
Quick,1600,0.000527535
Quick,3200,0.00111767
Quick,3200,0.00108424
Quick,3200,0.00110048
Quick,3200,0.00110746
Quick,3200,0.00110914
Quick,3200,0.00120714
Quick,3200,0.00110617
Quick,3200,0.00106286
Quick,3200,0.00114475
Quick,3200,0.00109587
Quick,3200,0.00108902
Quick,3200,0.0011259
Quick,3200,0.00110071
Quick,3200,0.00113426
Quick,3200,0.00106727
Quick,3200,0.00107676
Quick,3200,0.00108101
Quick,3200,0.00112847
Quick,3200,0.00106833
Quick,3200,0.00112086
Quick,3200,0.00108521
Quick,3200,0.00105656
Quick,3200,0.00106232
Quick,3200,0.00111873
Quick,3200,0.00106311
Quick,3200,0.00108857
Quick,3200,0.00110334
Quick,3200,0.00113734
Quick,3200,0.00109195
Quick,3200,0.00108428
Quick,3200,0.00109749
Quick,3200,0.00110133
Quick,3200,0.00108455
Quick,3200,0.0010962
Quick,3200,0.00111219
Quick,3200,0.00100991
Quick,3200,0.00104951
Quick,3200,0.00106758
Quick,3200,0.00101434
Quick,3200,0.00101857
Quick,3200,0.00102402
Quick,3200,0.00103915
Quick,3200,0.00106212
Quick,3200,0.00104235
Quick,3200,0.0010833
Quick,3200,0.0011014
Quick,3200,0.00106241
Quick,3200,0.00107945
Quick,3200,0.00109961
Quick,3200,0.00110524
Quick,6400,0.00234182
Quick,6400,0.00229414
Quick,6400,0.00229828
Quick,6400,0.00225384
Quick,6400,0.00229184
Quick,6400,0.00226255
Quick,6400,0.00237089
Quick,6400,0.0023217
Quick,6400,0.00232888
Quick,6400,0.00225896
Quick,6400,0.0024179
Quick,6400,0.00227141
Quick,6400,0.00235442
Quick,6400,0.00218623
Quick,6400,0.00229893
Quick,6400,0.00215501
Quick,6400,0.00223952
Quick,6400,0.00213945
Quick,6400,0.00218335
Quick,6400,0.00211962
Quick,6400,0.00222983
Quick,6400,0.00225575
Quick,6400,0.00223674
Quick,6400,0.00252574
Quick,6400,0.00243502
Quick,6400,0.00249802
Quick,6400,0.00248286
Quick,6400,0.00214542
Quick,6400,0.00237434
Quick,6400,0.00235657
Quick,6400,0.00228545
Quick,6400,0.00223151
Quick,6400,0.00215314
Quick,6400,0.00224209
Quick,6400,0.00215971
Quick,6400,0.00230109
Quick,6400,0.002304
Quick,6400,0.00235169
Quick,6400,0.00215645
Quick,6400,0.00230386
Quick,6400,0.00215379
Quick,6400,0.00218194
Quick,6400,0.0021764
Quick,6400,0.00217861
Quick,6400,0.00216899
Quick,6400,0.00228275
Quick,6400,0.00221294
Quick,6400,0.00214642
Quick,6400,0.00212363
Quick,6400,0.00216775
Quick,12800,0.00454991
Quick,12800,0.00512223
Quick,12800,0.00495674
Quick,12800,0.00464852
Quick,12800,0.00468068
Quick,12800,0.00467114
Quick,12800,0.00464199
Quick,12800,0.00455662
Quick,12800,0.00457174
Quick,12800,0.00480591
Quick,12800,0.00482212
Quick,12800,0.00453984
Quick,12800,0.00465226
Quick,12800,0.00460074
Quick,12800,0.00476214
Quick,12800,0.0046652
Quick,12800,0.0048864
Quick,12800,0.00464784
Quick,12800,0.00471682
Quick,12800,0.00466998
Quick,12800,0.00514461
Quick,12800,0.00460149
Quick,12800,0.00474701
Quick,12800,0.00466786
Quick,12800,0.00496851
Quick,12800,0.00504716
Quick,12800,0.00498783
Quick,12800,0.00489378
Quick,12800,0.00490216
Quick,12800,0.00496821
Quick,12800,0.00466873
Quick,12800,0.00537798
Quick,12800,0.00480966
Quick,12800,0.0047583
Quick,12800,0.0045611
Quick,12800,0.00448344
Quick,12800,0.00477648
Quick,12800,0.00504497
Quick,12800,0.00479697
Quick,12800,0.00474046
Quick,12800,0.00505814
Quick,12800,0.00471661
Quick,12800,0.00493938
Quick,12800,0.00488498
Quick,12800,0.00506842
Quick,12800,0.00491894
Quick,12800,0.00478617
Quick,12800,0.00474545
Quick,12800,0.00469381
Quick,12800,0.00460237
