Bubble,100,2.115e-06
Bubble,100,2.464e-06
Bubble,100,2.068e-06
Bubble,100,2.018e-06
Bubble,100,2.05e-06
Bubble,100,2.021e-06
Bubble,100,2.015e-06
Bubble,100,1.983e-06
Bubble,100,2.001e-06
Bubble,100,2.057e-06
Bubble,100,2.002e-06
Bubble,100,1.994e-06
Bubble,100,1.981e-06
Bubble,100,2.019e-06
Bubble,100,1.993e-06
Bubble,100,1.984e-06
Bubble,100,1.997e-06
Bubble,100,2.027e-06
Bubble,100,2.008e-06
Bubble,100,1.99e-06
Bubble,100,1.976e-06
Bubble,100,1.982e-06
Bubble,100,1.974e-06
Bubble,100,1.999e-06
Bubble,100,1.993e-06
Bubble,100,1.998e-06
Bubble,100,1.997e-06
Bubble,100,2e-06
Bubble,100,2.004e-06
Bubble,100,2.009e-06
Bubble,100,1.977e-06
Bubble,100,2.024e-06
Bubble,100,2.045e-06
Bubble,100,2.181e-06
Bubble,100,2.014e-06
Bubble,100,2.018e-06
Bubble,100,1.981e-06
Bubble,100,2.004e-06
Bubble,100,2.005e-06
Bubble,100,1.983e-06
Bubble,100,1.1179e-05
Bubble,100,2.046e-06
Bubble,100,2.213e-06
Bubble,100,1.985e-06
Bubble,100,2.031e-06
Bubble,100,2.027e-06
Bubble,100,2.02e-06
Bubble,100,2.019e-06
Bubble,100,1.974e-06
Bubble,100,2.014e-06
Bubble,200,3.531e-06
Bubble,200,3.603e-06
Bubble,200,3.634e-06
Bubble,200,3.626e-06
Bubble,200,3.582e-06
Bubble,200,3.581e-06
Bubble,200,3.592e-06
Bubble,200,3.613e-06
Bubble,200,3.585e-06
Bubble,200,3.607e-06
Bubble,200,3.572e-06
Bubble,200,3.575e-06
Bubble,200,3.581e-06
Bubble,200,3.577e-06
Bubble,200,3.606e-06
Bubble,200,3.558e-06
Bubble,200,3.593e-06
Bubble,200,3.573e-06
Bubble,200,3.565e-06
Bubble,200,3.57e-06
Bubble,200,3.555e-06
Bubble,200,3.6e-06
Bubble,200,3.599e-06
Bubble,200,3.583e-06
Bubble,200,3.594e-06
Bubble,200,3.59e-06
Bubble,200,3.605e-06
Bubble,200,3.565e-06
Bubble,200,3.565e-06
Bubble,200,3.556e-06
Bubble,200,3.582e-06
Bubble,200,3.595e-06
Bubble,200,3.577e-06
Bubble,200,3.54e-06
Bubble,200,3.565e-06
Bubble,200,3.609e-06
Bubble,200,3.577e-06
Bubble,200,3.607e-06
Bubble,200,3.609e-06
Bubble,200,3.656e-06
Bubble,200,3.737e-06
Bubble,200,3.788e-06
Bubble,200,3.571e-06
Bubble,200,3.576e-06
Bubble,200,3.602e-06
Bubble,200,3.578e-06
Bubble,200,3.759e-06
Bubble,200,3.731e-06
Bubble,200,3.606e-06
Bubble,200,3.737e-06
Bubble,400,7.073e-06
Bubble,400,7.283e-06
Bubble,400,7.016e-06
Bubble,400,7.113e-06
Bubble,400,7.11e-06
Bubble,400,7.123e-06
Bubble,400,7.104e-06
Bubble,400,7.119e-06
Bubble,400,7.066e-06
Bubble,400,7.101e-06
Bubble,400,7.11e-06
Bubble,400,7.097e-06
Bubble,400,6.964e-06
Bubble,400,7.164e-06
Bubble,400,7.082e-06
Bubble,400,7.018e-06
Bubble,400,7.117e-06
Bubble,400,7.105e-06
Bubble,400,7.107e-06
Bubble,400,6.973e-06
Bubble,400,6.855e-06
Bubble,400,7.117e-06
Bubble,400,7.113e-06
Bubble,400,7.162e-06
Bubble,400,7.15e-06
Bubble,400,7.105e-06
Bubble,400,7.115e-06
Bubble,400,7.1e-06
Bubble,400,7.15e-06
Bubble,400,7.083e-06
Bubble,400,7.132e-06
Bubble,400,7.04e-06
Bubble,400,7.084e-06
Bubble,400,7.116e-06
Bubble,400,7.105e-06
Bubble,400,7.115e-06
Bubble,400,7.119e-06
Bubble,400,7.062e-06
Bubble,400,7.119e-06
Bubble,400,7.073e-06
Bubble,400,7.121e-06
Bubble,400,7.018e-06
Bubble,400,7.128e-06
Bubble,400,7.247e-06
Bubble,400,7.125e-06
Bubble,400,7.138e-06
Bubble,400,7.159e-06
Bubble,400,7.081e-06
Bubble,400,7.099e-06
Bubble,400,7.121e-06
Bubble,800,1.3965e-05
Bubble,800,1.2175e-05
Bubble,800,1.2117e-05
Bubble,800,1.2141e-05
Bubble,800,1.2139e-05
Bubble,800,1.112e-05
Bubble,800,1.1086e-05
Bubble,800,1.2086e-05
Bubble,800,1.1077e-05
Bubble,800,1.1808e-05
Bubble,800,1.1873e-05
Bubble,800,1.1917e-05
Bubble,800,1.1815e-05
Bubble,800,1.179e-05
Bubble,800,1.2007e-05
Bubble,800,1.2108e-05
Bubble,800,1.1881e-05
Bubble,800,1.1986e-05
Bubble,800,1.199e-05
Bubble,800,1.183e-05
Bubble,800,1.2094e-05
Bubble,800,1.2089e-05
Bubble,800,1.1994e-05
Bubble,800,1.206e-05
Bubble,800,1.2008e-05
Bubble,800,1.1965e-05
Bubble,800,1.2209e-05
Bubble,800,1.2034e-05
Bubble,800,1.2207e-05
Bubble,800,1.2309e-05
Bubble,800,1.2341e-05
Bubble,800,1.23e-05
Bubble,800,1.121e-05
Bubble,800,1.2455e-05
Bubble,800,1.1627e-05
Bubble,800,1.2469e-05
Bubble,800,1.2423e-05
Bubble,800,1.2407e-05
Bubble,800,1.2542e-05
Bubble,800,1.3053e-05
Bubble,800,1.2964e-05
Bubble,800,1.3048e-05
Bubble,800,1.2631e-05
Bubble,800,1.3172e-05
Bubble,800,1.2789e-05
Bubble,800,1.2929e-05
Bubble,800,2.9648e-05
Bubble,800,1.281e-05
Bubble,800,1.3122e-05
Bubble,800,1.2962e-05
Bubble,1600,2.5141e-05
Bubble,1600,2.9597e-05
Bubble,1600,2.3393e-05
Bubble,1600,2.3874e-05
Bubble,1600,2.3497e-05
Bubble,1600,2.3512e-05
Bubble,1600,2.326e-05
Bubble,1600,2.3268e-05
Bubble,1600,2.3367e-05
Bubble,1600,2.3276e-05
Bubble,1600,2.3321e-05
Bubble,1600,2.328e-05
Bubble,1600,2.3429e-05
Bubble,1600,2.3257e-05
Bubble,1600,2.3351e-05
Bubble,1600,2.3318e-05
Bubble,1600,2.3467e-05
Bubble,1600,2.3457e-05
Bubble,1600,2.3628e-05
Bubble,1600,3.504e-05
Bubble,1600,2.3291e-05
Bubble,1600,2.3456e-05
Bubble,1600,2.3555e-05
Bubble,1600,2.3308e-05
Bubble,1600,2.3625e-05
Bubble,1600,2.3376e-05
Bubble,1600,2.3543e-05
Bubble,1600,2.3491e-05
Bubble,1600,2.3552e-05
Bubble,1600,2.3384e-05
Bubble,1600,2.3459e-05
Bubble,1600,2.3683e-05
Bubble,1600,2.3498e-05
Bubble,1600,2.3569e-05
Bubble,1600,2.3436e-05
Bubble,1600,2.3352e-05
Bubble,1600,2.3507e-05
Bubble,1600,2.9659e-05
Bubble,1600,2.3353e-05
Bubble,1600,2.3683e-05
Bubble,1600,2.3527e-05
Bubble,1600,2.3663e-05
Bubble,1600,2.3303e-05
Bubble,1600,2.3328e-05
Bubble,1600,2.3551e-05
Bubble,1600,2.3551e-05
Bubble,1600,2.3537e-05
Bubble,1600,2.362e-05
Bubble,1600,2.3638e-05
Bubble,1600,2.3406e-05
Bubble,3200,3.8458e-05
Bubble,3200,3.3879e-05
Bubble,3200,3.5244e-05
Bubble,3200,3.3389e-05
Bubble,3200,3.3214e-05
Bubble,3200,3.3337e-05
Bubble,3200,3.3265e-05
Bubble,3200,3.4e-05
Bubble,3200,3.4007e-05
Bubble,3200,3.3437e-05
Bubble,3200,3.3259e-05
Bubble,3200,3.3371e-05
Bubble,3200,3.3828e-05
Bubble,3200,3.3318e-05
Bubble,3200,3.9189e-05
Bubble,3200,3.3275e-05
Bubble,3200,3.3899e-05
Bubble,3200,3.3286e-05
Bubble,3200,3.4587e-05
Bubble,3200,3.3251e-05
Bubble,3200,3.3205e-05
Bubble,3200,3.379e-05
Bubble,3200,3.3319e-05
Bubble,3200,3.3957e-05
Bubble,3200,3.3944e-05
Bubble,3200,3.3892e-05
Bubble,3200,3.3492e-05
Bubble,3200,3.3883e-05
Bubble,3200,3.4891e-05
Bubble,3200,3.3345e-05
Bubble,3200,3.4468e-05
Bubble,3200,3.3411e-05
Bubble,3200,3.3336e-05
Bubble,3200,3.3351e-05
Bubble,3200,3.3303e-05
Bubble,3200,3.3571e-05
Bubble,3200,3.3287e-05
Bubble,3200,3.3387e-05
Bubble,3200,3.3335e-05
Bubble,3200,3.4022e-05
Bubble,3200,3.4596e-05
Bubble,3200,4.3795e-05
Bubble,3200,3.4024e-05
Bubble,3200,3.4396e-05
Bubble,3200,3.4144e-05
Bubble,3200,3.4118e-05
Bubble,3200,3.3541e-05
Bubble,3200,3.3482e-05
Bubble,3200,3.4081e-05
Bubble,3200,3.4219e-05
Bubble,6400,8.0333e-05
Bubble,6400,7.7982e-05
Bubble,6400,6.7156e-05
Bubble,6400,6.7264e-05
Bubble,6400,6.6839e-05
Bubble,6400,6.7033e-05
Bubble,6400,6.7346e-05
Bubble,6400,6.6896e-05
Bubble,6400,7.162e-05
Bubble,6400,6.7017e-05
Bubble,6400,7.2998e-05
Bubble,6400,6.6737e-05
Bubble,6400,6.7114e-05
Bubble,6400,6.6891e-05
Bubble,6400,6.6618e-05
Bubble,6400,7.0702e-05
Bubble,6400,6.6742e-05
Bubble,6400,6.6962e-05
Bubble,6400,6.7187e-05
Bubble,6400,6.8398e-05
Bubble,6400,6.701e-05
Bubble,6400,6.6989e-05
Bubble,6400,6.7066e-05
Bubble,6400,6.9531e-05
Bubble,6400,6.6634e-05
Bubble,6400,6.8058e-05
Bubble,6400,6.6754e-05
Bubble,6400,6.6708e-05
Bubble,6400,6.6982e-05
Bubble,6400,6.7771e-05
Bubble,6400,6.8397e-05
Bubble,6400,6.6637e-05
Bubble,6400,6.7975e-05
Bubble,6400,6.8051e-05
Bubble,6400,6.6769e-05
Bubble,6400,6.6839e-05
Bubble,6400,6.6573e-05
Bubble,6400,6.8294e-05
Bubble,6400,6.6755e-05
Bubble,6400,6.7017e-05
Bubble,6400,6.7052e-05
Bubble,6400,6.7623e-05
Bubble,6400,6.7028e-05
Bubble,6400,6.8209e-05
Bubble,6400,7.0648e-05
Bubble,6400,6.6906e-05
Bubble,6400,6.7946e-05
Bubble,6400,6.6793e-05
Bubble,6400,6.9459e-05
Bubble,6400,6.6808e-05
Bubble,12800,0.000159122
Bubble,12800,0.00014749
Bubble,12800,0.000134639
Bubble,12800,0.000143529
Bubble,12800,0.000137828
Bubble,12800,0.000133441
Bubble,12800,0.000134497
Bubble,12800,0.00013697
Bubble,12800,0.000133901
Bubble,12800,0.000136582
Bubble,12800,0.000146464
Bubble,12800,0.000139528
Bubble,12800,0.000134237
Bubble,12800,0.000135275
Bubble,12800,0.00013553
Bubble,12800,0.000134019
Bubble,12800,0.000134929
Bubble,12800,0.000134858
Bubble,12800,0.000139064
Bubble,12800,0.000135642
Bubble,12800,0.000135819
Bubble,12800,0.000138007
Bubble,12800,0.00013407
Bubble,12800,0.000134493
Bubble,12800,0.000135505
Bubble,12800,0.000135461
Bubble,12800,0.000141442
Bubble,12800,0.000136431
Bubble,12800,0.000142242
Bubble,12800,0.000139652
Bubble,12800,0.000138479
Bubble,12800,0.00013682
Bubble,12800,0.00013745
Bubble,12800,0.00014303
Bubble,12800,0.000141301
Bubble,12800,0.000137052
Bubble,12800,0.000143685
Bubble,12800,0.000138804
Bubble,12800,0.000137016
Bubble,12800,0.000142798
Bubble,12800,0.000137921
Bubble,12800,0.000138367
Bubble,12800,0.000139886
Bubble,12800,0.000148372
Bubble,12800,0.00014047
Bubble,12800,0.000140446
Bubble,12800,0.000147702
Bubble,12800,0.000135607
Bubble,12800,0.000138052
Bubble,12800,0.000139392
Insertion,100,6.52e-07
Insertion,100,9.08e-07
Insertion,100,1.274e-06
Insertion,100,1.158e-06
Insertion,100,1.299e-06
Insertion,100,1.216e-06
Insertion,100,1.307e-06
Insertion,100,9.09e-07
Insertion,100,1.126e-06
Insertion,100,7.46e-07
Insertion,100,1.267e-06
Insertion,100,1.17e-06
Insertion,100,1.288e-06
Insertion,100,8.93e-07
Insertion,100,9.61e-07
Insertion,100,7.57e-07
Insertion,100,8.07e-07
Insertion,100,6e-07
Insertion,100,6.16e-07
Insertion,100,6e-07
Insertion,100,6.05e-07
Insertion,100,6.22e-07
Insertion,100,6.27e-07
Insertion,100,6.17e-07
Insertion,100,6.42e-07
Insertion,100,6.13e-07
Insertion,100,6.4e-07
Insertion,100,6.13e-07
Insertion,100,6.1e-07
Insertion,100,6.28e-07
Insertion,100,6.08e-07
Insertion,100,6.09e-07
Insertion,100,6.36e-07
Insertion,100,6.32e-07
Insertion,100,5.98e-07
Insertion,100,6e-07
Insertion,100,6.13e-07
Insertion,100,6.28e-07
Insertion,100,6.64e-07
Insertion,100,6.52e-07
Insertion,100,6.24e-07
Insertion,100,6.37e-07
Insertion,100,6.06e-07
Insertion,100,6.07e-07
Insertion,100,7.75e-07
Insertion,100,6.15e-07
Insertion,100,6.3e-07
Insertion,100,6.03e-07
Insertion,100,6.31e-07
Insertion,100,5.96e-07
Insertion,200,1.171e-06
Insertion,200,1.17e-06
Insertion,200,1.144e-06
Insertion,200,1.134e-06
Insertion,200,1.224e-06
Insertion,200,1.154e-06
Insertion,200,1.146e-06
Insertion,200,1.142e-06
Insertion,200,1.159e-06
Insertion,200,1.191e-06
Insertion,200,1.181e-06
Insertion,200,1.169e-06
Insertion,200,1.204e-06
Insertion,200,1.187e-06
Insertion,200,1.203e-06
Insertion,200,1.254e-06
Insertion,200,1.196e-06
Insertion,200,1.174e-06
Insertion,200,1.206e-06
Insertion,200,1.176e-06
Insertion,200,1.132e-06
Insertion,200,1.179e-06
Insertion,200,1.14e-06
Insertion,200,1.182e-06
Insertion,200,1.231e-06
Insertion,200,1.181e-06
Insertion,200,1.14e-06
Insertion,200,1.168e-06
Insertion,200,1.166e-06
Insertion,200,1.213e-06
Insertion,200,1.198e-06
Insertion,200,1.174e-06
Insertion,200,1.197e-06
Insertion,200,1.185e-06
Insertion,200,1.257e-06
Insertion,200,1.189e-06
Insertion,200,1.169e-06
Insertion,200,1.221e-06
Insertion,200,1.195e-06
Insertion,200,1.17e-06
Insertion,200,1.151e-06
Insertion,200,1.186e-06
Insertion,200,1.197e-06
Insertion,200,1.193e-06
Insertion,200,1.138e-06
Insertion,200,1.263e-06
Insertion,200,1.197e-06
Insertion,200,1.131e-06
Insertion,200,1.133e-06
Insertion,200,1.121e-06
Insertion,400,2.265e-06
Insertion,400,2.239e-06
Insertion,400,2.271e-06
Insertion,400,2.236e-06
Insertion,400,2.227e-06
Insertion,400,2.217e-06
Insertion,400,2.224e-06
Insertion,400,2.251e-06
Insertion,400,2.202e-06
Insertion,400,2.212e-06
Insertion,400,2.226e-06
Insertion,400,2.295e-06
Insertion,400,2.298e-06
Insertion,400,2.242e-06
Insertion,400,2.336e-06
Insertion,400,2.247e-06
Insertion,400,2.284e-06
Insertion,400,2.209e-06
Insertion,400,2.244e-06
Insertion,400,2.278e-06
Insertion,400,2.28e-06
Insertion,400,2.291e-06
Insertion,400,2.287e-06
Insertion,400,2.254e-06
Insertion,400,2.235e-06
Insertion,400,2.264e-06
Insertion,400,2.262e-06
Insertion,400,2.229e-06
Insertion,400,2.252e-06
Insertion,400,2.361e-06
Insertion,400,2.246e-06
Insertion,400,2.197e-06
Insertion,400,2.283e-06
Insertion,400,2.242e-06
Insertion,400,2.258e-06
Insertion,400,2.274e-06
Insertion,400,2.406e-06
Insertion,400,2.296e-06
Insertion,400,2.347e-06
Insertion,400,2.276e-06
Insertion,400,2.221e-06
Insertion,400,2.309e-06
Insertion,400,2.281e-06
Insertion,400,2.256e-06
Insertion,400,2.273e-06
Insertion,400,2.254e-06
Insertion,400,2.257e-06
Insertion,400,2.23e-06
Insertion,400,2.225e-06
Insertion,400,2.238e-06
Insertion,800,4.539e-06
Insertion,800,4.621e-06
Insertion,800,4.418e-06
Insertion,800,4.552e-06
Insertion,800,4.636e-06
Insertion,800,4.68e-06
Insertion,800,4.362e-06
Insertion,800,5.694e-06
Insertion,800,4.485e-06
Insertion,800,4.653e-06
Insertion,800,4.473e-06
Insertion,800,4.575e-06
Insertion,800,4.683e-06
Insertion,800,4.59e-06
Insertion,800,4.618e-06
Insertion,800,4.641e-06
Insertion,800,4.525e-06
Insertion,800,4.47e-06
Insertion,800,4.538e-06
Insertion,800,5.735e-06
Insertion,800,4.392e-06
Insertion,800,4.457e-06
Insertion,800,4.422e-06
Insertion,800,4.401e-06
Insertion,800,4.373e-06
Insertion,800,4.434e-06
Insertion,800,4.516e-06
Insertion,800,4.371e-06
Insertion,800,4.407e-06
Insertion,800,4.419e-06
Insertion,800,4.386e-06
Insertion,800,4.482e-06
Insertion,800,4.386e-06
Insertion,800,4.538e-06
Insertion,800,4.541e-06
Insertion,800,4.507e-06
Insertion,800,4.496e-06
Insertion,800,4.407e-06
Insertion,800,4.462e-06
Insertion,800,4.461e-06
Insertion,800,4.45e-06
Insertion,800,4.669e-06
Insertion,800,4.69e-06
Insertion,800,4.528e-06
Insertion,800,4.456e-06
Insertion,800,4.552e-06
Insertion,800,4.414e-06
Insertion,800,4.397e-06
Insertion,800,4.395e-06
Insertion,800,4.507e-06
Insertion,1600,8.988e-06
Insertion,1600,9.023e-06
Insertion,1600,9.131e-06
Insertion,1600,9.26e-06
Insertion,1600,9.052e-06
Insertion,1600,8.959e-06
Insertion,1600,9.533e-06
Insertion,1600,8.909e-06
Insertion,1600,9.063e-06
Insertion,1600,8.873e-06
Insertion,1600,8.764e-06
Insertion,1600,8.937e-06
Insertion,1600,9.206e-06
Insertion,1600,8.818e-06
Insertion,1600,8.927e-06
Insertion,1600,9.308e-06
Insertion,1600,9.071e-06
Insertion,1600,8.894e-06
Insertion,1600,9.105e-06
Insertion,1600,8.851e-06
Insertion,1600,8.832e-06
Insertion,1600,9.077e-06
Insertion,1600,9.234e-06
Insertion,1600,9.315e-06
Insertion,1600,8.965e-06
Insertion,1600,9.032e-06
Insertion,1600,9.005e-06
Insertion,1600,8.977e-06
Insertion,1600,9.259e-06
Insertion,1600,8.77e-06
Insertion,1600,8.953e-06
Insertion,1600,8.745e-06
Insertion,1600,8.774e-06
Insertion,1600,8.773e-06
Insertion,1600,9.081e-06
Insertion,1600,8.785e-06
Insertion,1600,8.81e-06
Insertion,1600,8.754e-06
Insertion,1600,8.987e-06
Insertion,1600,8.757e-06
Insertion,1600,8.867e-06
Insertion,1600,8.706e-06
Insertion,1600,8.942e-06
Insertion,1600,8.883e-06
Insertion,1600,8.869e-06
Insertion,1600,9.331e-06
Insertion,1600,8.888e-06
Insertion,1600,8.913e-06
Insertion,1600,8.973e-06
Insertion,1600,8.856e-06
Insertion,3200,1.8165e-05
Insertion,3200,1.7727e-05
Insertion,3200,1.7819e-05
Insertion,3200,1.8435e-05
Insertion,3200,1.8293e-05
Insertion,3200,1.7614e-05
Insertion,3200,1.7666e-05
Insertion,3200,1.7647e-05
Insertion,3200,1.7561e-05
Insertion,3200,1.783e-05
Insertion,3200,1.867e-05
Insertion,3200,1.8497e-05
Insertion,3200,1.7809e-05
Insertion,3200,1.7981e-05
Insertion,3200,1.7818e-05
Insertion,3200,1.781e-05
Insertion,3200,1.7864e-05
Insertion,3200,1.8066e-05
Insertion,3200,1.8325e-05
Insertion,3200,1.8348e-05
Insertion,3200,1.773e-05
Insertion,3200,1.8593e-05
Insertion,3200,1.8101e-05
Insertion,3200,1.8563e-05
Insertion,3200,2.3254e-05
Insertion,3200,1.849e-05
Insertion,3200,1.7649e-05
Insertion,3200,1.7566e-05
Insertion,3200,1.7943e-05
Insertion,3200,1.7785e-05
Insertion,3200,1.7754e-05
Insertion,3200,1.7769e-05
Insertion,3200,1.7801e-05
Insertion,3200,1.8232e-05
Insertion,3200,1.832e-05
Insertion,3200,1.7915e-05
Insertion,3200,1.8325e-05
Insertion,3200,1.8305e-05
Insertion,3200,1.772e-05
Insertion,3200,1.7889e-05
Insertion,3200,1.861e-05
Insertion,3200,1.7855e-05
Insertion,3200,1.7687e-05
Insertion,3200,1.7822e-05
Insertion,3200,1.7429e-05
Insertion,3200,1.7399e-05
Insertion,3200,1.782e-05
Insertion,3200,1.7458e-05
Insertion,3200,1.7608e-05
Insertion,3200,1.7608e-05
Insertion,6400,3.5321e-05
Insertion,6400,3.6043e-05
Insertion,6400,3.5569e-05
Insertion,6400,5.1478e-05
Insertion,6400,3.4842e-05
Insertion,6400,4.144e-05
Insertion,6400,3.5627e-05
Insertion,6400,3.5941e-05
Insertion,6400,3.7197e-05
Insertion,6400,3.6149e-05
Insertion,6400,3.6306e-05
Insertion,6400,3.6211e-05
Insertion,6400,3.7204e-05
Insertion,6400,3.5572e-05
Insertion,6400,3.5292e-05
Insertion,6400,3.5568e-05
Insertion,6400,4.1755e-05
Insertion,6400,3.6055e-05
Insertion,6400,3.5476e-05
Insertion,6400,3.6378e-05
Insertion,6400,3.4813e-05
Insertion,6400,3.5424e-05
Insertion,6400,3.5388e-05
Insertion,6400,3.6078e-05
Insertion,6400,3.8734e-05
Insertion,6400,3.8659e-05
Insertion,6400,3.9236e-05
Insertion,6400,3.7773e-05
Insertion,6400,3.7043e-05
Insertion,6400,4.0941e-05
Insertion,6400,3.5664e-05
Insertion,6400,3.5599e-05
Insertion,6400,3.58e-05
Insertion,6400,3.5529e-05
Insertion,6400,3.5303e-05
Insertion,6400,3.4874e-05
Insertion,6400,3.492e-05
Insertion,6400,3.5972e-05
Insertion,6400,3.662e-05
Insertion,6400,3.6289e-05
Insertion,6400,3.634e-05
Insertion,6400,3.5565e-05
Insertion,6400,3.5858e-05
Insertion,6400,4.1477e-05
Insertion,6400,3.6893e-05
Insertion,6400,3.6565e-05
Insertion,6400,3.9207e-05
Insertion,6400,3.5665e-05
Insertion,6400,3.5765e-05
Insertion,6400,3.7634e-05
Insertion,12800,6.9844e-05
Insertion,12800,7.0142e-05
Insertion,12800,7.1089e-05
Insertion,12800,6.9988e-05
Insertion,12800,7.3071e-05
Insertion,12800,7.1878e-05
Insertion,12800,6.9894e-05
Insertion,12800,7.0775e-05
Insertion,12800,7.2822e-05
Insertion,12800,7.0691e-05
Insertion,12800,7.9292e-05
Insertion,12800,7.1559e-05
Insertion,12800,7.4421e-05
Insertion,12800,7.2939e-05
Insertion,12800,7.2274e-05
Insertion,12800,7.3351e-05
Insertion,12800,7.4726e-05
Insertion,12800,7.5547e-05
Insertion,12800,7.7109e-05
Insertion,12800,7.0947e-05
Insertion,12800,7.1464e-05
Insertion,12800,7.2345e-05
Insertion,12800,7.4928e-05
Insertion,12800,7.3013e-05
Insertion,12800,7.2629e-05
Insertion,12800,7.262e-05
Insertion,12800,7.5297e-05
Insertion,12800,7.4648e-05
Insertion,12800,7.2795e-05
Insertion,12800,7.0985e-05
Insertion,12800,7.1426e-05
Insertion,12800,7.4891e-05
Insertion,12800,8.0027e-05
Insertion,12800,7.5572e-05
Insertion,12800,7.3046e-05
Insertion,12800,7.254e-05
Insertion,12800,7.2633e-05
Insertion,12800,7.6463e-05
Insertion,12800,7.1244e-05
Insertion,12800,7.2614e-05
Insertion,12800,7.4652e-05
Insertion,12800,7.2397e-05
Insertion,12800,7.2896e-05
Insertion,12800,7.2135e-05
Insertion,12800,7.2653e-05
Insertion,12800,7.2911e-05
Insertion,12800,7.1956e-05
Insertion,12800,7.171e-05
Insertion,12800,7.2273e-05
Insertion,12800,7.273e-05
Selection,100,2.8922e-05
Selection,100,3.0787e-05
Selection,100,3.281e-05
Selection,100,3.559e-05
Selection,100,3.0745e-05
Selection,100,3.0729e-05
Selection,100,3.0717e-05
Selection,100,3.3085e-05
Selection,100,3.622e-05
Selection,100,3.0727e-05
Selection,100,2.886e-05
Selection,100,2.9319e-05
Selection,100,2.8685e-05
Selection,100,3.226e-05
Selection,100,2.866e-05
Selection,100,3.0725e-05
Selection,100,2.8965e-05
Selection,100,2.9742e-05
Selection,100,2.8842e-05
Selection,100,2.969e-05
Selection,100,2.945e-05
Selection,100,2.975e-05
Selection,100,2.8856e-05
Selection,100,3.005e-05
Selection,100,2.8829e-05
Selection,100,2.8669e-05
Selection,100,3.7763e-05
Selection,100,4.3112e-05
Selection,100,3.4104e-05
Selection,100,2.9395e-05
Selection,100,2.8796e-05
Selection,100,2.9249e-05
Selection,100,3.0045e-05
Selection,100,2.8914e-05
Selection,100,2.92e-05
Selection,100,2.9632e-05
Selection,100,2.9703e-05
Selection,100,2.9703e-05
Selection,100,2.905e-05
Selection,100,3.0696e-05
Selection,100,3.027e-05
Selection,100,2.8748e-05
Selection,100,2.8832e-05
Selection,100,2.8858e-05
Selection,100,2.8809e-05
Selection,100,2.9274e-05
Selection,100,2.9735e-05
Selection,100,4.2769e-05
Selection,100,4.5101e-05
Selection,100,4.3461e-05
Selection,200,0.000131741
Selection,200,0.000123321
Selection,200,0.000118436
Selection,200,0.00011427
Selection,200,0.000111003
Selection,200,0.000115759
Selection,200,0.000112128
Selection,200,0.000111159
Selection,200,0.000111346
Selection,200,0.000122237
Selection,200,0.000112274
Selection,200,0.000110989
Selection,200,0.000110581
Selection,200,0.000112168
Selection,200,0.00011203
Selection,200,0.000111935
Selection,200,0.000111069
Selection,200,0.000120004
Selection,200,0.00012537
Selection,200,0.000112044
Selection,200,0.00011528
Selection,200,0.000110831
Selection,200,0.000111128
Selection,200,0.000111043
Selection,200,0.000111723
Selection,200,0.000110681
Selection,200,0.000119459
Selection,200,0.000110796
Selection,200,0.000111891
Selection,200,0.000110448
Selection,200,0.000112704
Selection,200,0.000112149
Selection,200,0.000113701
Selection,200,0.000112849
Selection,200,0.000112267
Selection,200,0.000118769
Selection,200,0.000113554
Selection,200,0.000110451
Selection,200,0.000110959
Selection,200,0.000111676
Selection,200,0.000114271
Selection,200,0.000111113
Selection,200,0.000113711
Selection,200,0.000122172
Selection,200,0.00011101
Selection,200,0.0001109
Selection,200,0.000110884
Selection,200,0.000111329
Selection,200,0.000115202
Selection,200,0.00011089
Selection,400,0.000450137
Selection,400,0.000448085
Selection,400,0.000439859
Selection,400,0.000436625
Selection,400,0.00044182
Selection,400,0.000445358
Selection,400,0.000440361
Selection,400,0.00044324
Selection,400,0.000439052
Selection,400,0.000442092
Selection,400,0.000434402
Selection,400,0.000440727
Selection,400,0.000452581
Selection,400,0.000475207
Selection,400,0.000452099
Selection,400,0.000450972
Selection,400,0.00043504
Selection,400,0.000465007
Selection,400,0.000445576
Selection,400,0.0004295
Selection,400,0.000640798
Selection,400,0.000683091
Selection,400,0.000439366
Selection,400,0.000460377
Selection,400,0.000456218
Selection,400,0.000446132
Selection,400,0.000448972
Selection,400,0.000455138
Selection,400,0.000440085
Selection,400,0.000434691
Selection,400,0.00043634
Selection,400,0.000485537
Selection,400,0.000491269
Selection,400,0.000483767
Selection,400,0.00048356
Selection,400,0.000483367
Selection,400,0.00047987
Selection,400,0.000448175
Selection,400,0.00044052
Selection,400,0.000446526
Selection,400,0.00044172
Selection,400,0.000438171
Selection,400,0.000441986
Selection,400,0.000437534
Selection,400,0.00043099
Selection,400,0.000472534
Selection,400,0.000482688
Selection,400,0.000479365
Selection,400,0.000439941
Selection,400,0.000444865
Selection,800,0.00173697
Selection,800,0.00174928
Selection,800,0.00187611
Selection,800,0.00177309
Selection,800,0.00189631
Selection,800,0.00175473
Selection,800,0.001843
Selection,800,0.00175128
Selection,800,0.00174691
Selection,800,0.00174319
Selection,800,0.00177656
Selection,800,0.0017525
Selection,800,0.00174768
Selection,800,0.00192938
Selection,800,0.00179634
Selection,800,0.00187306
Selection,800,0.00175172
Selection,800,0.00175923
Selection,800,0.00176641
Selection,800,0.00179748
Selection,800,0.00180098
Selection,800,0.00171791
Selection,800,0.0018631
Selection,800,0.00177072
Selection,800,0.0017457
Selection,800,0.00175502
Selection,800,0.00177654
Selection,800,0.00175924
Selection,800,0.00175307
Selection,800,0.00174942
Selection,800,0.00179184
Selection,800,0.00180274
Selection,800,0.00177169
Selection,800,0.00176855
Selection,800,0.00181982
Selection,800,0.00175061
Selection,800,0.00177324
Selection,800,0.00176632
Selection,800,0.00178194
Selection,800,0.00182564
Selection,800,0.001789
Selection,800,0.00177492
Selection,800,0.00175937
Selection,800,0.00177377
Selection,800,0.00176049
Selection,800,0.00175671
Selection,800,0.00174335
Selection,800,0.00181265
Selection,800,0.00175487
Selection,800,0.00172836
Selection,1600,0.00694193
Selection,1600,0.00702299
Selection,1600,0.00694058
Selection,1600,0.00698988
Selection,1600,0.0069706
Selection,1600,0.00699672
Selection,1600,0.00698205
Selection,1600,0.00699626
Selection,1600,0.00703262
Selection,1600,0.00698686
Selection,1600,0.00699909
Selection,1600,0.00701613
Selection,1600,0.00700747
Selection,1600,0.00699999
Selection,1600,0.00698936
Selection,1600,0.00703394
Selection,1600,0.00712803
Selection,1600,0.00701728
Selection,1600,0.00700306
Selection,1600,0.00701596
Selection,1600,0.0069756
Selection,1600,0.00696788
Selection,1600,0.00708319
Selection,1600,0.00699769
Selection,1600,0.0069955
Selection,1600,0.00709771
Selection,1600,0.00704852
Selection,1600,0.00714144
Selection,1600,0.00699093
Selection,1600,0.00695454
Selection,1600,0.00699715
Selection,1600,0.0070016
Selection,1600,0.00701977
Selection,1600,0.00704446
Selection,1600,0.00709064
Selection,1600,0.00699573
Selection,1600,0.00699292
Selection,1600,0.00701856
Selection,1600,0.00705469
Selection,1600,0.00708021
Selection,1600,0.00700695
Selection,1600,0.007009
Selection,1600,0.00700151
Selection,1600,0.00706638
Selection,1600,0.00700869
Selection,1600,0.00713015
Selection,1600,0.00709179
Selection,1600,0.00700761
Selection,1600,0.00694857
Selection,1600,0.00690874
Selection,3200,0.027838
Selection,3200,0.0278457
Selection,3200,0.0279095
Selection,3200,0.0280317
Selection,3200,0.0279361
Selection,3200,0.0279272
Selection,3200,0.0279642
Selection,3200,0.0278166
Selection,3200,0.0279764
Selection,3200,0.0278342
Selection,3200,0.0278743
Selection,3200,0.0281584
Selection,3200,0.0278404
Selection,3200,0.0280931
Selection,3200,0.027828
Selection,3200,0.0278656
Selection,3200,0.0278725
Selection,3200,0.0279215
Selection,3200,0.0279405
Selection,3200,0.027859
Selection,3200,0.0277419
Selection,3200,0.027846
Selection,3200,0.0282174
Selection,3200,0.02805
Selection,3200,0.0289519
Selection,3200,0.0281323
Selection,3200,0.0281297
Selection,3200,0.027911
Selection,3200,0.0281354
Selection,3200,0.0280242
Selection,3200,0.0280216
Selection,3200,0.0279566
Selection,3200,0.0279771
Selection,3200,0.0280818
Selection,3200,0.0277409
Selection,3200,0.0278538
Selection,3200,0.0277562
Selection,3200,0.0277906
Selection,3200,0.0279258
Selection,3200,0.0279562
Selection,3200,0.0278393
Selection,3200,0.0281308
Selection,3200,0.0278188
Selection,3200,0.0278346
Selection,3200,0.027802
Selection,3200,0.0279103
Selection,3200,0.0280679
Selection,3200,0.0280469
Selection,3200,0.0280478
Selection,3200,0.0282469
Selection,6400,0.111158
Selection,6400,0.111248
Selection,6400,0.111884
Selection,6400,0.110997
Selection,6400,0.112722
Selection,6400,0.110959
Selection,6400,0.111399
Selection,6400,0.111469
Selection,6400,0.11144
Selection,6400,0.111726
Selection,6400,0.113485
Selection,6400,0.111034
Selection,6400,0.11148
Selection,6400,0.112029
Selection,6400,0.111873
Selection,6400,0.111893
Selection,6400,0.111547
Selection,6400,0.111761
Selection,6400,0.112616
Selection,6400,0.112593
Selection,6400,0.111615
Selection,6400,0.111923
Selection,6400,0.111903
Selection,6400,0.111788
Selection,6400,0.112593
Selection,6400,0.114003
Selection,6400,0.11335
Selection,6400,0.114031
Selection,6400,0.112587
Selection,6400,0.119818
Selection,6400,0.114674
Selection,6400,0.11399
Selection,6400,0.119556
Selection,6400,0.113464
Selection,6400,0.112266
Selection,6400,0.119179
Selection,6400,0.113734
Selection,6400,0.112167
Selection,6400,0.112268
Selection,6400,0.111906
Selection,6400,0.111867
Selection,6400,0.111433
Selection,6400,0.111409
Selection,6400,0.11214
Selection,6400,0.111879
Selection,6400,0.111482
Selection,6400,0.111899
Selection,6400,0.11227
Selection,6400,0.111348
Selection,6400,0.111747
Selection,12800,0.448102
Selection,12800,0.452434
Selection,12800,0.463565
Selection,12800,0.447217
Selection,12800,0.444751
Selection,12800,0.4442
Selection,12800,0.445427
Selection,12800,0.448273
Selection,12800,0.447918
Selection,12800,0.447843
Selection,12800,0.448318
Selection,12800,0.447372
Selection,12800,0.446894
Selection,12800,0.449011
Selection,12800,0.445457
Selection,12800,0.609953
Selection,12800,0.602833
Selection,12800,0.429138
Selection,12800,0.437246
Selection,12800,0.427298
Selection,12800,0.426896
Selection,12800,0.432355
Selection,12800,0.425388
Selection,12800,0.428694
Selection,12800,0.426589
Selection,12800,0.436079
Selection,12800,0.435236
Selection,12800,0.442047
Selection,12800,0.443361
Selection,12800,0.432385
Selection,12800,0.429774
Selection,12800,0.44273
Selection,12800,0.441256
Selection,12800,0.438065
Selection,12800,0.428906
Selection,12800,0.431311
Selection,12800,0.440358
Selection,12800,0.429123
Selection,12800,0.492438
Selection,12800,0.686502
Selection,12800,0.445996
Selection,12800,0.445683
Selection,12800,0.447867
Selection,12800,0.446891
Selection,12800,0.446221
Selection,12800,0.443344
Selection,12800,0.453347
Selection,12800,0.449881
Selection,12800,0.448534
Selection,12800,0.447979
Quick,100,2.2434e-05
Quick,100,1.9987e-05
Quick,100,1.944e-05
Quick,100,2.0457e-05
Quick,100,1.9128e-05
Quick,100,1.9385e-05
Quick,100,1.9354e-05
Quick,100,1.936e-05
Quick,100,1.9222e-05
Quick,100,1.9256e-05
Quick,100,1.9457e-05
Quick,100,1.8939e-05
Quick,100,1.9198e-05
Quick,100,1.9211e-05
Quick,100,1.9121e-05
Quick,100,1.9144e-05
Quick,100,1.9273e-05
Quick,100,1.9658e-05
Quick,100,1.9414e-05
Quick,100,1.8957e-05
Quick,100,1.935e-05
Quick,100,2.6058e-05
Quick,100,1.923e-05
Quick,100,1.9281e-05
Quick,100,1.9461e-05
Quick,100,1.9153e-05
Quick,100,1.9664e-05
Quick,100,1.911e-05
Quick,100,1.8916e-05
Quick,100,2.0265e-05
Quick,100,1.9138e-05
Quick,100,1.8918e-05
Quick,100,1.9536e-05
Quick,100,1.9607e-05
Quick,100,1.9589e-05
Quick,100,1.962e-05
Quick,100,1.9455e-05
Quick,100,1.9018e-05
Quick,100,1.8949e-05
Quick,100,1.9045e-05
Quick,100,1.91e-05
Quick,100,1.8903e-05
Quick,100,1.9789e-05
Quick,100,1.9539e-05
Quick,100,1.9279e-05
Quick,100,1.9127e-05
Quick,100,1.9121e-05
Quick,100,1.9457e-05
Quick,100,1.9392e-05
Quick,100,1.9007e-05
Quick,200,4.1716e-05
Quick,200,4.1811e-05
Quick,200,4.1606e-05
Quick,200,4.1272e-05
Quick,200,4.1251e-05
Quick,200,4.1826e-05
Quick,200,4.0812e-05
Quick,200,4.7049e-05
Quick,200,4.1529e-05
Quick,200,4.1445e-05
Quick,200,4.235e-05
Quick,200,4.0814e-05
Quick,200,4.0881e-05
Quick,200,4.0798e-05
Quick,200,4.1278e-05
Quick,200,4.1448e-05
Quick,200,4.0999e-05
Quick,200,4.1235e-05
Quick,200,4.1137e-05
Quick,200,4.0879e-05
Quick,200,4.0792e-05
Quick,200,4.0725e-05
Quick,200,4.2016e-05
Quick,200,4.102e-05
Quick,200,4.1137e-05
Quick,200,4.1244e-05
Quick,200,4.5778e-05
Quick,200,4.2882e-05
Quick,200,4.2878e-05
Quick,200,4.9943e-05
Quick,200,4.3914e-05
Quick,200,4.3299e-05
Quick,200,4.122e-05
Quick,200,4.1064e-05
Quick,200,4.2317e-05
Quick,200,4.108e-05
Quick,200,4.1344e-05
Quick,200,4.2596e-05
Quick,200,4.4031e-05
Quick,200,4.0823e-05
Quick,200,4.317e-05
Quick,200,4.1396e-05
Quick,200,4.1464e-05
Quick,200,4.1035e-05
Quick,200,4.092e-05
Quick,200,4.0992e-05
Quick,200,4.0726e-05
Quick,200,4.1252e-05
Quick,200,4.1478e-05
Quick,200,4.109e-05
Quick,400,8.8738e-05
Quick,400,8.9059e-05
Quick,400,8.7068e-05
Quick,400,8.9068e-05
Quick,400,8.7332e-05
Quick,400,8.8285e-05
Quick,400,8.8163e-05
Quick,400,8.7748e-05
Quick,400,8.7481e-05
Quick,400,8.7117e-05
Quick,400,9.4023e-05
Quick,400,8.8157e-05
Quick,400,8.8227e-05
Quick,400,8.7497e-05
Quick,400,8.7346e-05
Quick,400,8.801e-05
Quick,400,8.7559e-05
Quick,400,8.7742e-05
Quick,400,8.8643e-05
Quick,400,8.8676e-05
Quick,400,8.8357e-05
Quick,400,9.4214e-05
Quick,400,8.717e-05
Quick,400,8.9e-05
Quick,400,8.667e-05
Quick,400,8.9686e-05
Quick,400,8.8258e-05
Quick,400,8.7495e-05
Quick,400,9.027e-05
Quick,400,8.8504e-05
Quick,400,8.6557e-05
Quick,400,9.7451e-05
Quick,400,9.1972e-05
Quick,400,9.2043e-05
Quick,400,9.136e-05
Quick,400,8.6973e-05
Quick,400,8.7892e-05
Quick,400,8.7109e-05
Quick,400,8.788e-05
Quick,400,8.6785e-05
Quick,400,8.9679e-05
Quick,400,8.8375e-05
Quick,400,9.2093e-05
Quick,400,8.6971e-05
Quick,400,8.757e-05
Quick,400,8.8505e-05
Quick,400,8.7557e-05
Quick,400,9.2917e-05
Quick,400,9.3976e-05
Quick,400,9.3395e-05
Quick,800,0.000196084
Quick,800,0.000187935
Quick,800,0.000197735
Quick,800,0.000195892
Quick,800,0.000185631
Quick,800,0.000196281
Quick,800,0.000194221
Quick,800,0.000194046
Quick,800,0.000185415
Quick,800,0.000189796
Quick,800,0.000189219
Quick,800,0.00018482
Quick,800,0.000184786
Quick,800,0.000188419
Quick,800,0.000184371
Quick,800,0.000193319
Quick,800,0.000190607
Quick,800,0.000197653
Quick,800,0.000196411
Quick,800,0.000195737
Quick,800,0.000192277
Quick,800,0.00019469
Quick,800,0.000186031
Quick,800,0.000185231
Quick,800,0.000187205
Quick,800,0.000214206
Quick,800,0.000304205
Quick,800,0.000246067
Quick,800,0.00018799
Quick,800,0.000197666
Quick,800,0.000188394
Quick,800,0.000186909
Quick,800,0.000186497
Quick,800,0.000189508
Quick,800,0.00019077
Quick,800,0.000186393
Quick,800,0.00018555
Quick,800,0.000190657
Quick,800,0.000188473
Quick,800,0.000206243
Quick,800,0.000193836
Quick,800,0.000187197
Quick,800,0.000186002
Quick,800,0.000186342
Quick,800,0.000190523
Quick,800,0.000190173
Quick,800,0.000200325
Quick,800,0.00020328
Quick,800,0.00018876
Quick,800,0.000199111
Quick,1600,0.000404565
Quick,1600,0.000404098
Quick,1600,0.000408655
Quick,1600,0.000408584
Quick,1600,0.000430749
Quick,1600,0.000402022
Quick,1600,0.000419784
Quick,1600,0.000391917
Quick,1600,0.000397693
Quick,1600,0.000407388
Quick,1600,0.000402555
Quick,1600,0.000392515
Quick,1600,0.000413239
Quick,1600,0.000418399
Quick,1600,0.0004172
Quick,1600,0.000406993
Quick,1600,0.000392816
Quick,1600,0.000395912
Quick,1600,0.000408391
Quick,1600,0.000394591
Quick,1600,0.000410488
Quick,1600,0.000400035
Quick,1600,0.000400438
Quick,1600,0.000391489
Quick,1600,0.000407796
Quick,1600,0.000406936
Quick,1600,0.000397018
Quick,1600,0.00040095
Quick,1600,0.000408451
Quick,1600,0.000394311
Quick,1600,0.000403099
Quick,1600,0.000403256
Quick,1600,0.000418114
Quick,1600,0.00041722
Quick,1600,0.000431413
Quick,1600,0.000419496
Quick,1600,0.000407441
Quick,1600,0.000400631
Quick,1600,0.000400815
Quick,1600,0.000407283
Quick,1600,0.000403314
Quick,1600,0.000396208
Quick,1600,0.00039781
Quick,1600,0.000399711
Quick,1600,0.000402614
Quick,1600,0.000403981
Quick,1600,0.000412211
Quick,1600,0.000404362
Quick,1600,0.000402868
Quick,1600,0.000402546
Quick,3200,0.000872923
Quick,3200,0.000880133
Quick,3200,0.000857616
Quick,3200,0.000845254
Quick,3200,0.000853674
Quick,3200,0.000840264
Quick,3200,0.000872924
Quick,3200,0.000837321
Quick,3200,0.000859562
Quick,3200,0.000867388
Quick,3200,0.000869875
Quick,3200,0.000845742
Quick,3200,0.000852408
Quick,3200,0.000847226
Quick,3200,0.000830417
Quick,3200,0.000856779
Quick,3200,0.000841659
Quick,3200,0.000849502
Quick,3200,0.000867646
Quick,3200,0.000878744
Quick,3200,0.000856205
Quick,3200,0.000869726
Quick,3200,0.000848977
Quick,3200,0.000837364
Quick,3200,0.00086091
Quick,3200,0.000847477
Quick,3200,0.00085899
Quick,3200,0.000847033
Quick,3200,0.000864955
Quick,3200,0.000856496
Quick,3200,0.000914217
Quick,3200,0.000837324
Quick,3200,0.000876774
Quick,3200,0.000901167
Quick,3200,0.000896136
Quick,3200,0.000886899
Quick,3200,0.000896299
Quick,3200,0.000907705
Quick,3200,0.000881793
Quick,3200,0.000879315
Quick,3200,0.000881683
Quick,3200,0.000886714
Quick,3200,0.000883201
Quick,3200,0.000884588
Quick,3200,0.000881483
Quick,3200,0.000890243
Quick,3200,0.000890366
Quick,3200,0.000886043
Quick,3200,0.000914225
Quick,3200,0.00088595
Quick,6400,0.00187037
Quick,6400,0.00188179
Quick,6400,0.00186344
Quick,6400,0.001878
Quick,6400,0.00186668
Quick,6400,0.0018802
Quick,6400,0.0018497
Quick,6400,0.00188444
Quick,6400,0.0018708
Quick,6400,0.00186563
Quick,6400,0.00187898
Quick,6400,0.00185989
Quick,6400,0.0018915
Quick,6400,0.00189901
Quick,6400,0.00187274
Quick,6400,0.00187929
Quick,6400,0.00187609
Quick,6400,0.00186579
Quick,6400,0.00188479
Quick,6400,0.00186044
Quick,6400,0.00186568
Quick,6400,0.00187535
Quick,6400,0.00185258
Quick,6400,0.00185348
Quick,6400,0.00189424
Quick,6400,0.00186669
Quick,6400,0.00187308
Quick,6400,0.00187147
Quick,6400,0.00189515
Quick,6400,0.0017921
Quick,6400,0.00186886
Quick,6400,0.00183415
Quick,6400,0.00188861
Quick,6400,0.00182564
Quick,6400,0.00181188
Quick,6400,0.00177673
Quick,6400,0.00178675
Quick,6400,0.00181033
Quick,6400,0.00179385
Quick,6400,0.00177855
Quick,6400,0.00178772
Quick,6400,0.00181894
Quick,6400,0.00190629
Quick,6400,0.00177708
Quick,6400,0.00175199
Quick,6400,0.00178815
Quick,6400,0.00179562
Quick,6400,0.0017962
Quick,6400,0.00186861
Quick,6400,0.00177144
Quick,12800,0.00385966
Quick,12800,0.00372317
Quick,12800,0.00372988
Quick,12800,0.00372915
Quick,12800,0.00372443
Quick,12800,0.00370869
Quick,12800,0.00385606
Quick,12800,0.00371295
Quick,12800,0.0037397
Quick,12800,0.00371564
Quick,12800,0.00371385
Quick,12800,0.00371232
Quick,12800,0.0037575
Quick,12800,0.00374504
Quick,12800,0.00370933
Quick,12800,0.00374337
Quick,12800,0.00383836
Quick,12800,0.00372511
Quick,12800,0.00375876
Quick,12800,0.00383595
Quick,12800,0.00380535
Quick,12800,0.00378341
Quick,12800,0.00387578
Quick,12800,0.00380255
Quick,12800,0.0037721
Quick,12800,0.00379338
Quick,12800,0.00377781
Quick,12800,0.00372582
Quick,12800,0.00371575
Quick,12800,0.0037338
Quick,12800,0.00380162
Quick,12800,0.00370435
Quick,12800,0.00377618
Quick,12800,0.00374046
Quick,12800,0.00375191
Quick,12800,0.00372246
Quick,12800,0.00380435
Quick,12800,0.00378357
Quick,12800,0.00375751
Quick,12800,0.00373002
Quick,12800,0.00373752
Quick,12800,0.00396627
Quick,12800,0.00374809
Quick,12800,0.00375824
Quick,12800,0.00392341
Quick,12800,0.00395779
Quick,12800,0.00387723
Quick,12800,0.00391781
Quick,12800,0.00394987
Quick,12800,0.00382859
